-- phpMyAdmin SQL Dump
-- version 5.0.4
-- https://www.phpmyadmin.net/
--
-- Hôte : 127.0.0.1
-- Généré le : mer. 26 avr. 2023 à 11:47
-- Version du serveur :  10.4.17-MariaDB
-- Version de PHP : 8.0.1

SET SQL_MODE = "NO_AUTO_VALUE_ON_ZERO";
START TRANSACTION;
SET time_zone = "+00:00";


/*!40101 SET @OLD_CHARACTER_SET_CLIENT=@@CHARACTER_SET_CLIENT */;
/*!40101 SET @OLD_CHARACTER_SET_RESULTS=@@CHARACTER_SET_RESULTS */;
/*!40101 SET @OLD_COLLATION_CONNECTION=@@COLLATION_CONNECTION */;
/*!40101 SET NAMES utf8mb4 */;

--
-- Base de données : `gestionfsa`
--

-- --------------------------------------------------------


-- --------------------------------------------------------

--
-- Structure de la table `adresse`
--

CREATE TABLE `adresse` (
  `IDADRE` int(11) NOT NULL,
  `CODEPOSTAL` int(11) NOT NULL,
  `NUMMAISON` varchar(20) DEFAULT NULL,
  `RUE` varchar(50) DEFAULT NULL,
  `COMMUNE` varchar(30) DEFAULT NULL
) ENGINE=InnoDB DEFAULT CHARSET=utf8mb4;

--
-- Déchargement des données de la table `adresse`
--

INSERT INTO `adresse` (`IDADRE`, `CODEPOSTAL`, `NUMMAISON`, `RUE`, `COMMUNE`) VALUES
(14, 80000, '240', 'Hay salam', 'agadir');

-- --------------------------------------------------------

--
-- Structure de la table `adresseetud`
--

CREATE TABLE `adresseetud` (
  `IDADRE` int(11) NOT NULL,
  `APOGEE` int(11) NOT NULL
) ENGINE=InnoDB DEFAULT CHARSET=utf8mb4;

--
-- Déchargement des données de la table `adresseetud`
--

INSERT INTO `adresseetud` (`IDADRE`, `APOGEE`) VALUES
(14, 2),
(14, 4);

-- --------------------------------------------------------

--
-- Structure de la table `annonce`
--

CREATE TABLE `annonce` (
  `IDANNONCE` int(11) NOT NULL,
  `ID_SEMESTRE` int(11) NOT NULL,
  `APOGEE` int(11) NOT NULL,
  `ID_MODMAT` varchar(30) NOT NULL,
  `IDADMIN` int(11) DEFAULT NULL,
  `IDUTILISATEUR` int(11) DEFAULT NULL,
  `DATEANNONCE` date NOT NULL,
  `TITREANNONCE` varchar(150) NOT NULL,
  `CONTENU` text NOT NULL
) ENGINE=InnoDB DEFAULT CHARSET=utf8mb4;

-- --------------------------------------------------------

--
-- Structure de la table `bac`
--

CREATE TABLE `bac` (
  `CODEBAC` varchar(30) NOT NULL,
  `SERIE` varchar(30) DEFAULT NULL
) ENGINE=InnoDB DEFAULT CHARSET=utf8mb4;

--
-- Déchargement des données de la table `bac`
--

INSERT INTO `bac` (`CODEBAC`, `SERIE`) VALUES
('114', 'Science Mathématique'),
('115', 'Science experimentale'),
('120', 'Phyique'),
('122', 'Science economique'),
('125', 'Lettre');

-- --------------------------------------------------------

--
-- Structure de la table `demande`
--

CREATE TABLE `demande` (
  `IDdemande` int(11) NOT NULL,
  `Date_deman` date NOT NULL,
  `EtatDeman` varchar(30) NOT NULL,
  `DateTraitement` date NOT NULL,
  `IDetaildemande` varchar(50) NOT NULL
) ENGINE=InnoDB DEFAULT CHARSET=utf8mb4;

-- --------------------------------------------------------

--
-- Structure de la table `departement`
--

CREATE TABLE `departement` (
  `IDDEPT` varchar(30) NOT NULL,
  `INTITULEDEPT` varchar(50) NOT NULL,
  `ID_PROFCHEF` int(11) DEFAULT NULL
) ENGINE=InnoDB DEFAULT CHARSET=utf8mb4;

--
-- Déchargement des données de la table `departement`
--

INSERT INTO `departement` (`IDDEPT`, `INTITULEDEPT`, `ID_PROFCHEF`) VALUES
('IN', 'Informatique', NULL),
('Ph', 'Physique', NULL);

-- --------------------------------------------------------

--
-- Structure de la table `detail_enum`
--

CREATE TABLE `detail_enum` (
  `id_detail` varchar(50) NOT NULL,
  `ID2` int(11) NOT NULL,
  `LIBELLE_FR` varchar(50) DEFAULT NULL,
  `LIBELLE_AR` varchar(50) DEFAULT NULL
) ENGINE=InnoDB DEFAULT CHARSET=utf8mb4;

--
-- Déchargement des données de la table `detail_enum`
--

INSERT INTO `detail_enum` (`id_detail`, `ID2`, `LIBELLE_FR`, `LIBELLE_AR`) VALUES
('01', 6, 'AGADIR IDDA OUTANANE', ''),
('02', 6, 'OUARZAZATE', ''),
('03', 6, 'TIZNIT', ''),
('04', 6, 'EL KELAA DES SRAGHNA', ''),
('05', 6, 'ESSAOUIRA', ''),
('06', 6, 'MARRAKECH', ''),
('07', 6, 'SAFI', ''),
('08', 6, 'BENI MELLAL', ''),
('09', 6, 'RHAMNA', ''),
('10', 6, 'MOHAMMEDIA', ''),
('11', 6, 'EL JADIDA', ''),
('13', 6, 'KHOURIBGA', ''),
('16', 6, 'SETTAT', ''),
('17', 6, 'BEN SLIMANE', ''),
('18', 6, 'KHEMISSET', ''),
('20', 6, 'KENITRA', ''),
('21', 6, 'SIDI KACEM', ''),
('26', 6, 'RABAT', ''),
('27', 6, 'TANGER', ''),
('28', 6, 'TETOUAN', ''),
('29', 6, 'CHEFCHAOUEN', ''),
('30', 6, 'LARACHE', ''),
('32', 6, 'FES', ''),
('33', 6, 'SEFROU', ''),
('34', 6, 'AL HOCEIMA', ''),
('35', 6, 'TAOUNATE', ''),
('37', 6, 'ERRACHIDIA', ''),
('38', 6, 'ZAGOURA', ''),
('39', 6, 'KHENIFRA', ''),
('40', 6, 'EL FAHS ANJRA', ''),
('41', 6, 'MEKNES', ''),
('42', 6, 'EL-HAJEB (MEKNES)', ''),
('43', 6, 'EL MADIEQ', ''),
('44', 6, 'OUJDA ANGADE', ''),
('45', 6, 'BERKANE', ''),
('46', 6, 'NADOR', ''),
('47', 6, 'TAZA', ''),
('48', 6, 'NOUASSER', ''),
('49', 6, 'TAROUDANNT', ''),
('50', 6, 'AZILAL', ''),
('53', 6, 'IFRANE', ''),
('57', 6, 'CHTOUKA AIT BAHA (AGADIR)', ''),
('58', 6, 'INEZGANE AIT MELLOUL(AGADIR)', ''),
('59', 6, 'MY RCHID', ''),
('61', 6, 'BOULEMANE', ''),
('62', 6, 'HAY HASSANI', ''),
('63', 6, 'MEDIOUNA', ''),
('64', 6, 'CASABLANCA ANFA', ''),
('65', 6, 'BEN M\'SICK', ''),
('66', 6, 'AIN SEBAA HAY MOHAMMEDI (CASA)', ''),
('67', 6, 'AIN CHOCK', ''),
('68', 6, 'ES-SEMARA', ''),
('69', 6, 'BOUJDOUR', ''),
('70', 6, 'OUED ED DAHAB', ''),
('71', 6, 'LAAYOUNE', ''),
('72', 6, 'FIGUIG', ''),
('73', 6, 'GUELMIM', ''),
('74', 6, 'TAN-TAN', ''),
('75', 6, 'TATA', ''),
('76', 6, 'SALE', ''),
('77', 6, 'SKHIRATE-TEMARA', ''),
('83', 6, 'TAOURIRT (OUJDA)', ''),
('84', 6, 'JERRADA (OUJDA)', ''),
('87', 6, 'AL FIDA DERB SULTAN (CASA)', ''),
('90', 6, 'MOULAY-YACOUB (FES)', ''),
('91', 6, 'SIDI BERNOUSSI ZENATA', ''),
('92', 6, 'AL HAOUZ (MARRAKECH)', ''),
('95', 6, 'CHICHAOUA', ''),
('96', 6, 'ASSA-ZAG', ''),
('A', 8, 'AGADIR', ''),
('B', 8, 'BENI MELLAL', ''),
('BD', 1, 'BigData', NULL),
('Bi', 9, 'Biologie', NULL),
('C', 8, 'CASA', ''),
('Ch', 9, 'Chimie', NULL),
('code', 6, 'province', ''),
('CS', 7, 'Casa Settat', NULL),
('D', 8, 'DAKHLA', ''),
('DB', 7, 'Dakhla Boujdour', NULL),
('E', 8, 'EL JADIDA', ''),
('F', 8, 'FES', ''),
('G', 8, 'GRAND CASABLANCA', ''),
('Ge', 9, 'Geologie', NULL),
('I', 8, 'AL HOCEIMA', ''),
('Inf', 9, 'Informatique', NULL),
('K', 8, 'KENITRA', ''),
('L', 8, 'LAAYOUNE', ''),
('lo', 3, 'Location', NULL),
('LS', 7, 'Laayoune Smara', NULL),
('M', 8, 'MARRAKECH', ''),
('pa', 3, 'Avec parent', NULL),
('Pcom', 2, 'Commerçant', NULL),
('Pemp', 2, 'employé public', NULL),
('Phy', 9, 'Phyisique', NULL),
('Ping', 2, 'Ingénieur', NULL),
('Ppol', 2, 'Policier', NULL),
('Pprof', 2, 'Professeur', 'استاذ'),
('R', 8, 'RABAT', ''),
('RM', 7, 'Marrakech', NULL),
('RN', 10, 'Relevé des notes', NULL),
('rup', 3, 'Résidence universitaire privé', NULL),
('S', 8, 'MEKNES', ''),
('Sbd', 4, 'Base de données', NULL),
('Sc', 10, 'Attestation de scolarité', NULL),
('Schn', 4, 'chimie nucléaire', NULL),
('SIE', 1, 'Système informatique embarqué', NULL),
('SM', 7, 'Sous massa', NULL),
('Spr', 4, 'Réseau Informatique', NULL),
('T', 8, 'TETOUAN', ''),
('TG', 7, 'Guelmim', NULL),
('U', 8, 'GUELMIM', ''),
('UH1', 5, 'Université Hassan 1er', NULL),
('UIZ', 5, 'Université Ibn Zohr', NULL),
('W', 8, 'OUJDA', ''),
('Z', 8, 'SETTAT', '');

-- --------------------------------------------------------

--
-- Structure de la table `diplome`
--

CREATE TABLE `diplome` (
  `CODEDIPLOME` int(11) NOT NULL,
  `INTITULEDIPLOMEFR` varchar(50) DEFAULT NULL,
  `INTITULEDIPLOMEAR` varchar(50) DEFAULT NULL,
  `ID_DETAIL` varchar(50) DEFAULT NULL,
  `Niveau` varchar(20) DEFAULT NULL
) ENGINE=InnoDB DEFAULT CHARSET=utf8mb4;

-- --------------------------------------------------------

--
-- Structure de la table `enum`
--

CREATE TABLE `enum` (
  `ID2` int(11) NOT NULL,
  `NOM_ENUM` varchar(50) DEFAULT NULL
) ENGINE=InnoDB DEFAULT CHARSET=utf8mb4;

--
-- Déchargement des données de la table `enum`
--

INSERT INTO `enum` (`ID2`, `NOM_ENUM`) VALUES
(1, 'parcoursmodule'),
(2, 'profession'),
(3, 'typeresidence'),
(4, 'specialitediplome'),
(5, 'universite'),
(6, 'province'),
(7, 'region'),
(8, 'academie'),
(9, 'discipline'),
(10, 'typeattestation');

-- --------------------------------------------------------

--
-- Structure de la table `etablissementbac`
--

CREATE TABLE `etablissementbac` (
  `IDETABLISSMENTBAC` int(11) NOT NULL,
  `NOMETABLISSEMENT` varchar(50) DEFAULT NULL
) ENGINE=InnoDB DEFAULT CHARSET=utf8mb4;

-- --------------------------------------------------------

--
-- Structure de la table `etablissementbp`
--

CREATE TABLE `etablissementbp` (
  `IDETABLISSEMENTBP` varchar(20) NOT NULL,
  `TYPE` varchar(30) DEFAULT NULL,
  `INTITULEETABLISSEMENTBP` varchar(30) DEFAULT NULL
) ENGINE=InnoDB DEFAULT CHARSET=utf8mb4;

--
-- Déchargement des données de la table `etablissementbp`
--

INSERT INTO `etablissementbp` (`IDETABLISSEMENTBP`, `TYPE`, `INTITULEETABLISSEMENTBP`) VALUES
('FS', 'Public', 'Faculté des science appliqué');

-- --------------------------------------------------------

--
-- Structure de la table `etudiant`
--

CREATE TABLE `etudiant` (
  `APOGEE` int(11) NOT NULL,
  `NOMAR` varchar(30) DEFAULT NULL,
  `NOMFR` varchar(30) DEFAULT NULL,
  `PRENOMAR` varchar(30) DEFAULT NULL,
  `PRENOMFR` varchar(30) DEFAULT NULL,
  `DDN` varchar(30) DEFAULT NULL,
  `VILLENAISSFR` varchar(50) DEFAULT NULL,
  `VILLENAISSAR` varchar(50) DEFAULT NULL,
  `Adresse_FR` varchar(50) NOT NULL,
  `Adresse_AR` varchar(50) NOT NULL,
  `Adresse_UR_FR` varchar(50) NOT NULL,
  `Adresse_UR_AR` varchar(50) NOT NULL,
  `RIB` varchar(40) DEFAULT NULL,
  `BOURSIER` tinyint(1) DEFAULT NULL,
  `TELEPHONE` varchar(20) DEFAULT NULL,
  `EMAIL` varchar(30) NOT NULL,
  `SITUATIONFAM` varchar(20) DEFAULT NULL,
  `PAYS` varchar(20) DEFAULT NULL,
  `SEXE` varchar(10) DEFAULT NULL,
  `TELURGENCE` varchar(20) DEFAULT NULL,
  `PHOTO` varchar(100) DEFAULT NULL,
  `NOMPEREAR` varchar(30) DEFAULT NULL,
  `CIN` varchar(20) DEFAULT NULL,
  `MASSARCNE` varchar(20) DEFAULT NULL,
  `MOTDEPASSE` varchar(20) DEFAULT NULL
) ENGINE=InnoDB DEFAULT CHARSET=utf8mb4;

--
-- Déchargement des données de la table `etudiant`
--

INSERT INTO `etudiant` (`APOGEE`, `NOMAR`, `NOMFR`, `PRENOMAR`, `PRENOMFR`, `DDN`, `VILLENAISSFR`, `VILLENAISSAR`, `Adresse_FR`, `Adresse_AR`, `Adresse_UR_FR`, `Adresse_UR_AR`, `RIB`, `BOURSIER`, `TELEPHONE`, `EMAIL`, `SITUATIONFAM`, `PAYS`, `SEXE`, `TELURGENCE`, `PHOTO`, `NOMPEREAR`, `CIN`, `MASSARCNE`, `MOTDEPASSE`) VALUES
(2, 'راوي', 'RAOUI', 'زكرياء', 'ZAKARIA', '25/05/1996', 'TINGHIR', 'تنغير', 'A78.01', 'A78.01', '', '', '', 0, '122336', '12015812@bac2015.taalim.ma', '', '128', 'M', '1253699', '/uploads/photo/1512015812.jpg', 'راوي', 'PR1826', '1512015812', ''),
(3, 'الامين', 'LAMINE', 'ياسين', 'YASSINE', '26/02/1997', 'laayoune', 'العيون', 'A71.01', 'A71.01', '', '', '', 0, '122336', '12050980@bac2015.taalim.ma', '', '128', 'M', '1253699', '', 'الامين', 'SJ149', '1512050980', ''),
(4, 'دويب', 'DOUIB', 'انس', 'Anas', '11/03/1996', 'TAROUDANNT', 'تارودانت', 'A49.01', 'A49.01', '', '', '', 0, '122336', '12019617@bac2015.taalim.ma', '', '128', 'M', '1253699', '', 'دويب', 'JX5122', '1512019617', ''),
(5, 'ايت عبلا', 'AITABLLA', 'سعيد ', 'SAID', '25/10/1988', 'AIT OUABELLI TATA', 'ايت وابلي طاطا', 'A75.05', 'A75.05', '', '', '', 0, '122336', '29042268@bac2015.taalim.ma', '', '128', 'M', '1253699', '', 'ايت عبلا', 'JY1809', '1529042268', ''),
(6, 'المعتصم', 'EL MOUTASSIM', 'هاجر', 'HAJAR ', '12/01/1996', 'laayoune', 'العيون', 'A71.01', 'A71.01', '', '', '', 0, '122336', '12050991@bac2015.taalim.ma', '', '128', 'F', '1253699', '', 'المعتصم', 'SS1743', '1512050991', ''),
(7, 'اموريك', 'IMOURIG', 'محمد', 'MOHAMED', '19/08/1996', 'com.sidi ouahziz/taroudant', 'جماعة سيدي واعزيز/تالرودانت', 'A49.71', 'A49.71', '', '', '', 0, '122336', '12036651@bac2015.taalim.ma', '', '128', 'M', '1253699', '', 'اموريك', 'E175198', '1512036651', ''),
(8, 'عسناوي', 'ASNAOUI', 'محمد', 'MOHAMMED', '25/08/1996', 'KSSAR AGOUDIM-HSSIA-ALNIF', 'قصر اكديم-جماعة احصيا-النبف', 'A02.01', 'A02.01', '', '', '', 0, '122336', '13019698@bac2015.taalim.ma', '', '128', 'M', '1253699', '', 'عسناوي', 'A160462', '1513019698', ''),
(9, 'الشماخ', 'Chammakh', 'علي', 'Ali', '13/09/1997', 'LAAYOUNE', 'العيون', 'A71.01', 'A71.01', '', '', '', 0, '122336', '13049821@bac2015.taalim.ma', '', '128', 'M', '1253699', '', 'الشماخ', 'H18214', '1513049821', ''),
(10, 'الكناوي', 'EL GUNAOUI', 'رشيد', 'RACHID ', '28/06/1996', 'Ait Issafen', 'ايت اسفن', 'A03.15', 'A03.15', '', '', '', 0, '122336', '13013469@bac2015.taalim.ma', '', '128', 'M', '1253699', '', 'الكناوي', 'J2912', '1513013469', ''),
(11, 'الحلوي', 'ELHALOUI', 'مصطفى', 'MUSTAPHA', '19/08/1995', 'CR KCHOULA', 'جماعة كشولة', 'A05.15', 'A05.15', '', '', '', 0, '122336', '12016330@bac2015.taalim.ma', '', '128', 'M', '1253699', '', 'الحلوي', 'J365', '1512016330', ''),
(12, 'بري', 'BARRI', 'شيماء', 'CHAIMAA', '28/10/1997', 'casablanca', 'الدارالبيضاء', 'A64.13', 'A64.13', '', '', '', 0, '122336', '13023418@bac2015.taalim.ma', '', '128', 'F', '1253699', '', 'بري', 'JT12', '1513023418', ''),
(13, 'البياضي ', 'EL-BAYADY', 'أسماء ', 'Asma', '01/12/1997', 'TAROUDANNT', 'تارودانت', 'A49.01', 'A49.01', '', '', '', 0, '122336', '13026915@bac2015.taalim.ma', '', '128', 'F', '1253699', '', 'البياضي ', 'JC095', '1513026915', ''),
(14, 'صوصان ', 'SOUSSANE', 'ايمان ', 'IMANE', '03/06/1998', 'INZAGUANE', 'انزكان', 'A58.01', 'A58.01', '', '', '', 0, '122336', '13019101@bac2015.taalim.ma', '', '128', 'F', '1253699', '', 'صوصان ', 'JD09', '1513019101', ''),
(15, 'ايت وعزيز', 'AIT-OUAZIZ', 'ابرهيم ', 'BRAHIM', '08/12/1996', 'Aghbar', 'اغبار', 'A92.21', 'A92.21', '', '', '', 0, '122336', '13023856@bac2015.taalim.ma', '', '128', 'M', '1253699', '', 'ايت وعزيز', 'JT823', '1513023856', ''),
(16, 'كنزة', 'KENZA', 'الدويش', 'DOUICH', '09/12/1997', 'DAKHLA', 'الداخلة', 'A70.01', 'A70.01', '', '', '', 0, '122336', '13055203@bac2015.taalim.ma', '', '128', 'F', '1253699', '', 'كنزة', 'OD515', '1513055203', ''),
(17, 'ترناتة', 'TARNATA', 'وليد', 'WALID', '24/04/1995', 'Tinzouline', 'تنزولين', 'A38.05', 'A38.05', '', '', '', 0, '122336', '12010864@bac2015.taalim.ma', '', '128', 'M', '1253699', '', 'ترناتة', 'PB545', '1512010864', ''),
(18, 'جبار', 'JABBAR', 'وفاء', 'WAFAA', '16/04/1997', 'AGADIR', 'اكادير', 'A01.01', 'A01.01', '', '', '', 0, '122336', '13005838@bac2015.taalim.ma', '', '128', 'F', '1253699', '', 'جبار', 'J510', '1513005838', ''),
(19, 'حسون ', 'HASSOUN', 'فاطمة ', 'Fatima', '14/07/1996', 'DR AGHBALOU IFRANE A/S', 'دوار اغبالو افران أ/ص', 'A73.05', 'A73.05', '', '', '', 0, '122336', '13036472@bac2015.taalim.ma', '', '128', 'F', '1253699', '', 'حسون ', 'JA044', '1513036472', ''),
(20, 'بن داود', 'BENDAOUD', 'عثمان ', 'OTHMANE', '06/07/1997', 'ESSMARA', 'السمارة', 'A68.01', 'A68.01', '', '', '', 0, '122336', '13041894@bac2015.taalim.ma', '', '128', 'M', '1253699', '', 'بن داود', 'SJ30522', '1513041894', ''),
(21, 'أمسكوك', 'AMSKOUK EL', 'الحسن', 'HASSANE ', '03/08/1994', 'AGHBALOU IFRANE A/S', 'اغبالو افران أ/ص', 'A73.05', 'A73.05', '', '', '', 0, '122336', '12038132@bac2015.taalim.ma', '', '128', 'M', '1253699', '', 'أمسكوك', 'JA548', '1512038132', ''),
(22, 'تكريدة', 'TAKRIDA', 'انس', 'ANASS', '22/01/1997', 'laayoune', 'العيون', 'A71.01', 'A71.01', '', '', '', 0, '122336', '12050954@bac2015.taalim.ma', '', '128', 'M', '1253699', '', 'تكريدة', 'S9121', '1512050954', ''),
(23, 'شنايتي', 'CHNAYTI', 'فاطمة', 'FATIMA', '20/11/1996', 'ARBAA SAHEL', 'اربعاء الساحل', 'A03.25', 'A03.25', '', '', '', 0, '122336', '12022691@bac2015.taalim.ma', '', '128', 'F', '1253699', '', 'شنايتي', 'JE211', '1512022691', ''),
(24, 'ماسين', 'MASSINE', 'سارة', 'SARA', '14/01/1997', 'biougra', 'بيوكرى', 'A57.02', 'A57.02', '', '', '', 0, '122336', '13016681@bac2015.taalim.ma', '', '128', 'F', '1253699', '', 'ماسين', 'JH957', '1513016681', ''),
(25, 'الشرقاوي عبد', 'CHERKAOUI', 'الرحيم ', 'ABDERRAHIM', '10/12/1996', 'Ait Melloul', 'آيت ملول', 'A58.02', 'A58.02', '', '', '', 0, '122336', '12035690@bac2015.taalim.ma', '', '128', 'M', '1253699', '', 'الشرقاوي عبد', 'JM666', '1512035690', ''),
(26, 'لويش ', 'LOUICH', 'ابراهيم ', 'BRAHIM', '26/08/1996', 'IFRANE ATLAS SAGHIR', 'إفران أطلس الصغير', 'A73.05', 'A73.05', '', '', '', 0, '122336', '12038193@bac2015.taalim.ma', '', '128', 'M', '1253699', '', 'لويش ', 'JA1079', '1512038193', ''),
(27, 'بوتبحرت', 'BOUTBHIRT', 'سعيد', 'SAID', '14/08/1997', 'TIZNIT', 'تيزنيت', 'A03.01', 'A03.01', '', '', '', 0, '122336', '13013892@bac2015.taalim.ma', '', '128', 'M', '1253699', '', 'بوتبحرت', 'JE2539', '1513013892', ''),
(28, 'الواعرة', 'EL OUAARA', 'الداودي', 'DAOUDI ', '01/05/1996', 'LAAYOUNE', 'العيون', 'A71.01', 'A71.01', '', '', '', 0, '122336', '13055158@bac2015.taalim.ma', '', '128', 'F', '1253699', '', 'الواعرة', 'OD46', '1513055158', ''),
(29, 'انكال ', 'ANOUGAL', 'عبد الله ', 'ABDELLAH', '04/04/1997', 'DOUAR ZAOUIT IDAOUCHEKRA IFRANE', 'دوار الزويت ادوشقرا افران', 'A73.05', 'A73.05', '', '', '', 0, '122336', '13036479@bac2015.taalim.ma', '', '128', 'M', '1253699', '', 'انكال ', 'JA265', '1513036479', ''),
(30, 'الوكاكي', 'EL OUAGGAGI', 'ياسين', 'YASSINE ', '04/01/1997', 'Tiznit (M)', 'تيزنيت', 'A03.01', 'A03.01', '', '', '', 0, '122336', '13014881@bac2015.taalim.ma', '', '128', 'M', '1253699', '', 'الوكاكي', 'JE2128', '1513014881', ''),
(31, 'دكوك', 'DIKOUK', 'علي', 'ALI', '02/03/1997', 'INCHADEN', 'انشادن', 'A57.19', 'A57.19', '', '', '', 0, '122336', '13031007@bac2015.taalim.ma', '', '128', 'M', '1253699', '', 'دكوك', 'JB271', '1513031007', ''),
(32, 'بوغانيم', 'BOUGHANIM', 'حليمة', 'HALIMA', '16/02/1996', 'agoudi nelkhir azilal', 'أكودي نلخير أزيلال', 'A50.07', 'A50.07', '', '', '', 0, '122336', '13036252@bac2015.taalim.ma', '', '128', 'F', '1253699', '', 'بوغانيم', 'JZ6880', '1513036252', ''),
(33, 'بولماني ', 'BOULMANI', 'عبد الـله ', 'ABDELLAH', '29/06/1992', 'akka tata', 'اقا طاطا', 'A75.02', 'A75.02', '', '', '', 0, '122336', '12041911@bac2015.taalim.ma', '', '128', 'M', '1253699', '', 'بولماني ', 'JV340', '1512041911', ''),
(34, 'ابجاو', 'ABJAOU', 'محمد', 'MOHAMED', '30/09/1996', 'SEGOURA OUARZAZATE', 'اولاد علي سكورة ورزازات', 'A00.00', 'A00.00', '', '', '', 0, '122336', '13029783@bac2015.taalim.ma', '', '128', 'M', '1253699', '', 'ابجاو', 'JM687', '1513029783', ''),
(35, 'ابركا', 'OUBERKA', 'رباب', 'RABAB', '15/03/1997', 'guelmim', 'كلميم', 'A73.01', 'A73.01', '', '', '', 0, '122336', '13033174@bac2015.taalim.ma', '', '128', 'F', '1253699', '', 'ابركا', 'JA1414', '1513033174', ''),
(36, 'رئيس', 'RAIS', 'وليد', 'WALID', '13/06/1995', 'laayoune', 'العيون', 'A71.01', 'A71.01', '', '', '', 0, '122336', '12051006@bac2015.taalim.ma', '', '128', 'M', '1253699', '', 'رئيس', 'SH1654', '1512051006', ''),
(37, 'بويكدرن عبد', 'BOUIGADERN', 'العزيز ', 'ABDELAZIZ', '21/08/1997', 'GUELMIM', 'كلميم', 'A73.01', 'A73.01', '', '', '', 0, '122336', '13036933@bac2015.taalim.ma', '', '128', 'F', '1253699', '', 'بويكدرن عبد', 'JA1481', '1513036933', ''),
(38, 'فهيم', 'FAHYM', 'ايوب', 'AYOUB', '16/05/1995', 'Agadir', 'أكادير', 'A01.01', 'A01.01', '', '', '', 0, '122336', '12016426@bac2015.taalim.ma', '', '128', 'M', '1253699', '', 'فهيم', 'JT74319', '1512016426', ''),
(39, 'أبوجعفر', 'ABOUJAAFAR', 'عثمان', 'OTHMANE', '19/07/1997', 'AGADIR', 'اكادير', 'A01.01', 'A01.01', '', '', '', 0, '122336', '13005859@bac2015.taalim.ma', '', '128', 'M', '1253699', '', 'أبوجعفر', 'J512971', '1513005859', ''),
(40, 'بكوش', 'BIKOUCHE', 'نجاة', 'NAJAT', '28/04/1997', 'ASRIR GUELMIM', 'أسرير كلميم', 'A73.11', 'A73.11', '', '', '', 0, '122336', '13049913@bac2015.taalim.ma', '', '128', 'F', '1253699', '', 'بكوش', 'SH5336', '1513049913', ''),
(41, 'أيت بالحسن', 'AIT BALAHCEN', 'رشيدة ', 'RACHIDA ', '05/07/1994', 'Mezguita', 'مزكيطة', 'A38.18', 'A38.18', '', '', '', 0, '122336', '11018759@bac2015.taalim.ma', '', '128', 'F', '1253699', '', 'أيت بالحسن', 'PB888', '1511018759', ''),
(42, 'خطير', 'KHATER', 'حاتم', 'HATIM', '01/01/1998', 'casa blanca', 'الدار البيضاء', 'A64.15', 'A64.15', '', '', '', 0, '122336', '13003961@bac2015.taalim.ma', '', '128', 'M', '1253699', '', 'خطير', 'J517846', '1513003961', ''),
(43, 'حمرد', 'HAMRAD', 'يوسف', 'Youssef', '05/07/1993', 'Massa', 'ماسة', 'A57.01', 'A57.01', '', '', '', 0, '122336', '11027128@bac2015.taalim.ma', '', '128', 'M', '1253699', '', 'حمرد', 'JT39923', '1511027128', ''),
(44, 'ابودرار', 'ABOUDRAR', 'مصطفى', 'MUSTAPHA', '20/02/1995', 'tamgarte Imi Mqorn', 'تمكرت جماعة امي مقورن', 'A57.15', 'A57.15', '', '', '', 0, '122336', '12025250@bac2015.taalim.ma', '', '128', 'M', '1253699', '', 'ابودرار', 'JH5800', '1512025250', ''),
(45, 'ايت عبد', 'AIT ABDENNI', 'الني سعيد ', 'Said ', '24/10/1997', 'Achbarou', 'اشبارو', 'A49.70', 'A49.70', '', '', '', 0, '122336', '13028603@bac2015.taalim.ma', '', '128', 'M', '1253699', '', 'ايت عبد', 'JC106', '1513028603', ''),
(46, 'رشاد عز', 'RACHCHAD', 'الدين ', 'AZEDDINE', '01/08/1995', 'ouarzazate', 'ورزازات', 'A02.01', 'A02.01', '', '', '', 0, '122336', '13007936@bac2015.taalim.ma', '', '128', 'M', '1253699', '', 'رشاد عز', 'P3338', '1513007936', ''),
(47, 'حام', 'HAM', 'محمد', 'MOHAMED', '31/05/1995', 'AIT MELLOUL', 'ايت ملول', 'A58.02', 'A58.02', '', '', '', 0, '122336', '13035010@bac2015.taalim.ma', '', '128', 'M', '1253699', '', 'حام', 'JM549', '1513035010', ''),
(48, 'جيد', 'JAID', 'سارة', 'SARA', '27/02/1997', 'DOUAR OURTI  IDAOUMHNDEOUED ESSAFA', 'دوار اورتى  اداومحند واد الصفاء', 'A57.01', 'A57.01', '', '', '', 0, '122336', '13016420@bac2015.taalim.ma', '', '128', 'F', '1253699', '', 'جيد', 'JH353', '1513016420', ''),
(49, 'جعوفي', 'JAOUFI', 'محمد', 'MOHAMED', '01/06/1993', 'lamzar ait melloul', 'المزار ايت ملول انزكان اكادير', 'A01.01', 'A01.01', '', '', '', 0, '122336', '10010297@bac2015.taalim.ma', '', '128', 'M', '1253699', '', 'جعوفي', 'JM435', '1510010297', ''),
(50, 'غاندي', 'GHANDI ', 'معاد', 'MOUAD ', '04/08/1997', 'AIT MELLOUL', 'ايت ملول', 'A58.02', 'A58.02', '', '', '', 0, '122336', '13034814@bac2015.taalim.ma', '', '128', 'M', '1253699', '', 'غاندي', 'JM916', '1513034814', ''),
(51, 'رحاوي', 'RAHAOUI', 'طارق', 'TARIK', '27/06/1993', 'Inezgane (M)', 'إنزكان', 'A58.01', 'A58.01', '', '', '', 0, '122336', '12003103@bac2015.taalim.ma', '', '128', 'M', '1253699', '', 'رحاوي', 'JB434', '1512003103', ''),
(52, 'سويبة', 'SOUIBA', 'امين', 'AMINE', '29/11/1994', 'BALBID', 'بلبيض', 'A73.01', 'A73.01', '', '', '', 0, '122336', '11036207@bac2015.taalim.ma', '', '128', 'M', '1253699', '', 'سويبة', 'JA809', '1511036207', ''),
(53, 'اقديم', 'aqdim', 'ايوب', 'ayoub', '26/03/1995', 'BENSERGAO', 'بنسركاو', 'A01.01', 'A01.01', '', '', '', 0, '122336', '12033876@bac2015.taalim.ma', '', '128', 'M', '1253699', '', 'اقديم', 'J502247', '1512033876', ''),
(54, 'العاشير فاطمة', 'EL-ACHIR FATIMA', 'الزهراء ', 'ZAHRA ', '11/11/1996', 'AGADIR', 'أكادير', 'A01.01', 'A01.01', '', '', '', 0, '122336', '13000504@bac2015.taalim.ma', '', '128', 'F', '1253699', '', 'العاشير فاطمة', 'J594', '1513000504', ''),
(55, 'معاذ', 'MOUAD', 'بوإزار', 'BOUIZZAR', '27/01/1996', 'DCHIRA', 'الدشيرة', 'A01.01', 'A01.01', '', '', '', 0, '122336', '12076747@bac2015.taalim.ma', '', '128', 'M', '1253699', '', 'معاذ', 'EE381', '1512076747', ''),
(56, 'العبقاري السعدية', 'EL ABQARI', 'سارة ', 'SAADIA SARAH ', '21/01/1996', 'bazel suisse', 'بازل سويسرا', 'Code_Comm', 'Code_Comm', '', '', '', 0, '122336', '13028943@bac2015.taalim.ma', '', '193', 'F', '1253699', '', 'العبقاري السعدية', 'J510727', '1513028943', ''),
(57, 'اشرهاو', 'ACHARHAOU', 'معاذ', 'Mouâd', '15/05/1997', 'Taroudant', 'تارودانت', 'A49.01', 'A49.01', '', '', '', 0, '122336', '13026932@bac2015.taalim.ma', '', '128', 'M', '1253699', '', 'اشرهاو', 'JC5501', '1513026932', ''),
(58, 'اعزوتا', 'IAZZOUTEN', 'جواد', 'JAWAD', '09/08/1996', 'AGADIR', 'أكادير', 'A01.01', 'A01.01', '', '', '', 0, '122336', '13051262@bac2015.taalim.ma', '', '128', 'M', '1253699', '', 'اعزوتا', 'S960', '1513051262', ''),
(59, 'اتريس', 'TRISS', 'محسين', 'MOUHSSINE', '09/10/1997', 'BOUIZAKARN', 'بويزكارن', 'A73.02', 'A73.02', '', '', '', 0, '122336', '13036150@bac2015.taalim.ma', '', '128', 'M', '1253699', '', 'اتريس', 'JA933', '1513036150', ''),
(60, 'ايت اعلا', 'AIT OUALLA', 'مريم ', 'MARYEM ', '16/06/1997', 'ADIS TATA', 'اديس طاطا', 'A75.10', 'A75.10', '', '', '', 0, '122336', '13038612@bac2015.taalim.ma', '', '128', 'F', '1253699', '', 'ايت اعلا', 'JY30519', '1513038612', ''),
(61, 'الزيو', 'ZIOU', 'نعيمة', 'NAIMA', '30/10/1997', 'AGADIR', 'اكادير', 'A01.01', 'A01.01', '', '', '', 0, '122336', '13003249@bac2015.taalim.ma', '', '128', 'F', '1253699', '', 'الزيو', 'J518023', '1513003249', ''),
(62, 'بوعزاوي ', 'BOUAZZAOU I', 'عبد الحق ', 'ABDELHAQ ', '01/11/1994', 'Errachidia', 'الراشيدية', 'A37.01', 'A37.01', '', '', '', 0, '122336', '12040966@bac2015.taalim.ma', '', '128', 'M', '1253699', '', 'بوعزاوي ', 'JF51323', '1512040966', ''),
(63, 'رحال', 'RAHAL', 'صفوان', 'SAFOIN', '02/12/1997', 'agadir', 'اكادير', 'A01.01', 'A01.01', '', '', '', 0, '122336', '13050870@bac2015.taalim.ma', '', '128', 'M', '1253699', '', 'رحال', 'SH843', '1513050870', ''),
(64, 'مقهور', 'MAQHOR', 'محمد', 'Mohamed', '23/04/1996', 'Taroudannt', 'تارودانت', 'A49.01', 'A49.01', '', '', '', 0, '122336', '13027253@bac2015.taalim.ma', '', '128', 'M', '1253699', '', 'مقهور', 'JC488', '1513027253', ''),
(65, 'فرملي', 'FIRMLI ', 'مروى', 'MAROUA ', '21/10/1997', 'Tan Tan (M)', 'طانطان', 'A74.01', 'A74.01', '', '', '', 0, '122336', '13014934@bac2015.taalim.ma', '', '128', 'F', '1253699', '', 'فرملي', 'JE280', '1513014934', ''),
(66, 'القيسي', 'EL KAISSY', 'فدوى', 'FADWA ', '06/05/1997', 'KENITRA', 'القنيطرة', 'A20.01', 'A20.01', '', '', '', 0, '122336', '13006357@bac2015.taalim.ma', '', '128', 'F', '1253699', '', 'القيسي', 'J511925', '1513006357', ''),
(67, 'الناصري', 'NACIRI', 'شيماء', 'CHAIMAE', '27/09/1997', 'TAROUDANT', 'تارودانت', 'A49.01', 'A49.01', '', '', '', 0, '122336', '13006064@bac2015.taalim.ma', '', '128', 'F', '1253699', '', 'الناصري', 'J5246', '1513006064', ''),
(68, 'و شعر', 'OUCHIARE', 'جيهان ', 'JIHANE', '16/09/1997', 'TIFELTE', 'تيفلت', 'A18.03', 'A18.03', '', '', '', 0, '122336', '13020000@bac2015.taalim.ma', '', '128', 'F', '1253699', '', 'و شعر', 'PA1028', '1513020000', ''),
(69, 'توكي', 'TOUKKI', 'جيهان', 'JIHANE', '18/11/1996', 'Agadir (M)', 'أكادير', 'A01.01', 'A01.01', '', '', '', 0, '122336', '13001248@bac2015.taalim.ma', '', '128', 'F', '1253699', '', 'توكي', 'J5115', '1513001248', ''),
(70, 'العلوي الاسماعيلي', 'ALAOUI ISMAILI', 'يونس ', 'YOUNESS ', '29/04/1995', 'Fès 1', 'فاس 1', 'A32.02', 'A32.02', '', '', '', 0, '122336', '11006235@bac2015.taalim.ma', '', '128', 'M', '1253699', '', 'العلوي الاسماعيلي', 'JB4441', '1511006235', ''),
(71, 'المكي', 'ELMAKI', 'منير', 'MOUNIR', '29/11/1996', 'Agadir (M)', 'أكادير', 'A01.01', 'A01.01', '', '', '', 0, '122336', '13004659@bac2015.taalim.ma', '', '128', 'M', '1253699', '', 'المكي', 'J5141', '1513004659', ''),
(72, 'ايت حابة', 'AIT HABA', 'احمد رمزي ', 'AHMED RAMZI ', '24/10/1996', 'AGADIR', 'اكادير', 'A01.01', 'A01.01', '', '', '', 0, '122336', '12034610@bac2015.taalim.ma', '', '128', 'M', '1253699', '', 'ايت حابة', 'J4873', '1512034610', ''),
(74, 'حمادو', 'HAMMADOU	', 'أيوب', 'AYOUB', '27/04/1997', 'AGADIR', 'اكدير', 'A01.01', 'A01.01', '', '', '', 0, '122336', '13005828@bac2015.taalim.ma', '', '128', 'M', '1253699', '', 'حمادو', 'J5162', '1513005828', ''),
(75, 'الياس', 'ELLYASSE', 'وفاء', 'WAFAA', '14/06/1997', 'AIT ABDELAH', 'ايت عبد الله', 'A49.10', 'A49.10', '', '', '', 0, '122336', '13027559@bac2015.taalim.ma', '', '128', 'F', '1253699', '', 'الياس', 'JC486', '1513027559', ''),
(76, 'حمو علي', 'HAMMOU ALI	', 'ضحى ', 'DOHA ', '24/10/1997', 'AGADIR', 'اكادير', 'A01.01', 'A01.01', '', '', '', 0, '122336', '13006006@bac2015.taalim.ma', '', '128', 'F', '1253699', '', 'حمو علي', 'J4853', '1513006006', ''),
(77, 'الحمري عبد', 'EL HAMRI', 'الحق ', 'Abdelhaq ', '14/03/1997', 'OULED TEIMA', 'اولاد تايمة', 'A49.02', 'A49.02', '', '', '', 0, '122336', '13024593@bac2015.taalim.ma', '', '128', 'M', '1253699', '', 'الحمري عبد', 'JT781', '1513024593', ''),
(78, 'بوقيدير', 'BOUKIDER', 'سميرة', 'SAMIRA', '07/12/1997', 'OUARZAZATE', 'ورزازات', 'A02.01', 'A02.01', '', '', '', 0, '122336', '13007735@bac2015.taalim.ma', '', '128', 'F', '1253699', '', 'بوقيدير', 'P882', '1513007735', ''),
(79, 'محراش', 'MAHRACH', 'خالد', 'KHALID', '16/07/1996', 'Ouled Teima', 'اولاد تايمة', 'A49.02', 'A49.02', '', '', '', 0, '122336', '13023616@bac2015.taalim.ma', '', '128', 'M', '1253699', '', 'محراش', 'J689', '1513023616', ''),
(80, 'وشن', 'OUCHENE', 'حسناء', 'HASNA', '11/03/1994', 'Tiznit', 'تيزنيت', 'A03.19', 'A03.19', '', '', '', 0, '122336', '12023855@bac2015.taalim.ma', '', '128', 'F', '1253699', '', 'وشن', 'JE876', '1512023855', ''),
(81, 'فالو', 'FALLOU', 'وليد', 'OUALID', '28/07/1996', 'Elknitra', 'القنطيرة', 'A20.01', 'A20.01', '', '', '', 0, '122336', '12016496@bac2015.taalim.ma', '', '128', 'M', '1253699', '', 'فالو', 'JT18', '1512016496', ''),
(82, 'الشرقاوي عبد', 'ECH-CHARKAOUI ', 'الرزاق ', 'ABDERRAZAK ', '12/12/1993', 'Zagora (M)', 'زاكورة', 'A38.01', 'A38.01', '', '', '', 0, '122336', '11021100@bac2015.taalim.ma', '', '128', 'M', '1253699', '', 'الشرقاوي عبد', 'P944', '1511021100', ''),
(83, 'اهرور', 'AHROUR', 'حميد', 'HAMID', '18/06/1996', 'KTAOUA ZAGORA', 'كتاوة زكورة', 'A38.14', 'A38.14', '', '', '', 0, '122336', '13039855@bac2015.taalim.ma', '', '128', 'M', '1253699', '', 'اهرور', 'JY863', '1513039855', ''),
(84, 'سرحان', 'SERHANE', 'حسناء', 'Hasna', '23/08/1996', 'OULAD TAIMA', 'اولاد تايمة', 'A49.04', 'A49.04', '', '', '', 0, '122336', '13025904@bac2015.taalim.ma', '', '128', 'F', '1253699', '', 'سرحان', 'J392', '1513025904', ''),
(85, 'بوالزيت', 'BOUZZIT', 'عزيز', 'AZIZ', '10/02/1997', 'IFRANE ATLAS SAGHIR', 'افران أطلس الصغير', 'A73.05', 'A73.05', '', '', '', 0, '122336', '13003171@bac2015.taalim.ma', '', '128', 'M', '1253699', '', 'بوالزيت', 'JA431', '1513003171', ''),
(86, 'إبراشن ', 'IBRACHEN ', 'الزهرة ', 'ZHRA ', '22/09/1996', 'TIMOULAY', 'تيمولاي', 'A73.06', 'A73.06', '', '', '', 0, '122336', '12038931@bac2015.taalim.ma', '', '128', 'F', '1253699', '', 'إبراشن ', 'J129', '1512038931', ''),
(87, 'وباب', 'OUBAB', 'احمد', 'AHMED', '31/07/1995', 'Tafrraout El Mouloud', 'تفراوت المولود', 'A03.01', 'A03.01', '', '', '', 0, '122336', '13013393@bac2015.taalim.ma', '', '128', 'M', '1253699', '', 'وباب', 'JE231', '1513013393', ''),
(88, 'ايت امبارك', 'AIT MBAREK', 'يوسف ', 'Youssef ', '16/02/1997', 'c .OUed Safaa province Chtouka Ait Baha', 'جماعة وادي الصفاء عمالة اشتوكة ايت باها', 'A92.28', 'A92.28', '', '', '', 0, '122336', '13027021@bac2015.taalim.ma', '', '128', 'M', '1253699', '', 'ايت امبارك', 'J105', '1513027021', ''),
(89, 'مزيلى', 'MZILY', 'ايمن', 'AYMANE', '17/02/1997', 'TIZNIT', 'تيزنيت', 'A03.01', 'A03.01', '', '', '', 0, '122336', '13013732@bac2015.taalim.ma', '', '128', 'M', '1253699', '', 'مزيلى', 'JE19', '1513013732', ''),
(90, 'ايت شليح', 'AIT CHLIH', 'رشيد ', 'RACHID ', '06/10/1996', 'AGADIR', 'اكدير', 'A01.01', 'A01.01', '', '', '', 0, '122336', '13000422@bac2015.taalim.ma', '', '128', 'M', '1253699', '', 'ايت شليح', 'JK381', '1513000422', ''),
(91, 'مجتهد', 'MOUJTAHID', 'زينة', 'Zaina', '12/04/1997', 'NIHIT', 'دوار ساكرالنحيت', 'A49.21', 'A49.21', '', '', '', 0, '122336', '13023379@bac2015.taalim.ma', '', '128', 'F', '1253699', '', 'مجتهد', 'JC443', '1513023379', ''),
(92, 'صباح', 'SABAH', 'الطاوسي', 'ET-TAOUSSI', '10/06/1997', 'SIDI HAJ M\'HAMED TAOUNATE', 'سيدي حاج محمد تاونات', 'A35.03', 'A35.03', '', '', '', 0, '122336', '13055194@bac2015.taalim.ma', '', '128', 'F', '1253699', '', 'صباح', 'OD771', '1513055194', ''),
(93, 'بارو', 'BAROU', 'نبيل', 'NABIL', '30/01/1994', 'CASA BLANCA', 'البيضاء', 'A64.04', 'A64.04', '', '', '', 0, '122336', '13037254@bac2015.taalim.ma', '', '128', 'M', '1253699', '', 'بارو', 'JA117', '1513037254', ''),
(94, 'حميشان', 'HAMICHAN', 'ايمان', 'IYMANE', '15/10/1997', 'BNI AYAT AZILAL', 'بني عياط أزيلال', 'A50.13', 'A50.13', '', '', '', 0, '122336', '13036194@bac2015.taalim.ma', '', '128', 'F', '1253699', '', 'حميشان', 'JA4731', '1513036194', ''),
(95, 'بن الشيخ', 'BENCHAIKH', 'حسناء ', 'Hasna', '05/12/1996', 'OULAD TAIMA', 'اولاد تايمة', 'A49.04', 'A49.04', '', '', '', 0, '122336', '13025903@bac2015.taalim.ma', '', '128', 'F', '1253699', '', 'بن الشيخ', 'JT127', '1513025903', ''),
(96, 'اتواب', 'ATOUAB', 'صفية', 'SAFIA', '21/04/1997', 'Ifrane Atlas Saghir GUELMIM', 'إدومركت تنكرت افران أطلس الصغير كلميم', 'A73.05', 'A73.05', '', '', '', 0, '122336', '13018959@bac2015.taalim.ma', '', '128', 'F', '1253699', '', 'اتواب', 'JA4470', '1513018959', ''),
(97, 'انتاو عبد', 'ANTAW', 'الجليل ', 'ABDELJALIL', '10/05/1990', 'LAMHARA', 'المهارة', 'A49.62', 'A49.62', '', '', '', 0, '122336', '12015990@bac2015.taalim.ma', '', '128', 'M', '1253699', '', 'انتاو عبد', 'JC811', '1512015990', ''),
(98, 'أوالدخوش ', 'OUDAKHOUCH', 'رشيد ', 'RACHID', '07/04/1993', 'Zagora (M)', 'زاكورة', 'A38.01', 'A38.01', '', '', '', 0, '122336', '11021103@bac2015.taalim.ma', '', '128', 'M', '1253699', '', 'أوالدخوش ', 'P5246', '1511021103', ''),
(99, 'المكاوي', 'EL MEKKAOUI', 'ايمان', 'IMANE ', '01/10/1997', 'HAY MOULAY RACHID OUARZAZATE', 'حي مولاي رشيد ورزازات', 'A02.01', 'A02.01', '', '', '', 0, '122336', '13008108@bac2015.taalim.ma', '', '128', 'F', '1253699', '', 'المكاوي', 'P921', '1513008108', ''),
(100, 'سهيل', 'SHIL', 'ليلى', 'LAILA', '23/08/1994', 'GUELMIM', 'كلميم', 'A73.01', 'A73.01', '', '', '', 0, '122336', '11051310@bac2015.taalim.ma', '', '128', 'F', '1253699', '', 'سهيل', 'S578', '1511051310', ''),
(101, 'كزبنو', 'KASBANNOU', 'سعد', 'SAAD', '11/11/1997', 'BENSERGAO', 'بن سركاو', 'A01.01', 'A01.01', '', '', '', 0, '122336', '13004182@bac2015.taalim.ma', '', '128', 'M', '1253699', '', 'كزبنو', 'J723', '1513004182', ''),
(102, 'الدليمي ', 'Dlimi', 'اغلانة ', 'Ghlana', '23/08/1997', 'TIFARITI', 'التفاريتي', 'A68.06', 'A68.06', '', '', '', 0, '122336', '13041560@bac2015.taalim.ma', '', '128', 'F', '1253699', '', 'الدليمي ', 'S910', '1513041560', ''),
(103, 'حني', 'hanni', 'محمد', 'mohamed', '10/09/1995', 'LAAYOUNE', 'العيون', 'A71.01', 'A71.01', '', '', '', 0, '122336', '11050433@bac2015.taalim.ma', '', '128', 'M', '1253699', '', 'حني', 'S521', '1511050433', ''),
(104, 'بيبا', 'BIBA', 'خديجة', 'KHADIJA', '01/01/1996', 'GUELMIM', 'كلميم', 'A73.01', 'A73.01', '', '', '', 0, '122336', '12037729@bac2015.taalim.ma', '', '128', 'F', '1253699', '', 'بيبا', 'J552', '1512037729', ''),
(105, 'السرتي', 'ESSERTI', 'منير', 'MOUNIR', '11/03/1998', 'TAROUDANT', 'تارودانت', 'A49.01', 'A49.01', '', '', '', 0, '122336', '13027533@bac2015.taalim.ma', '', '128', 'M', '1253699', '', 'السرتي', 'JC970', '1513027533', ''),
(106, 'اجضيض', 'AJEDID', 'فؤاد', 'FOUAD', '11/09/1997', 'ES-SMARA', 'السمارة', 'A68.01', 'A68.01', '', '', '', 0, '122336', '13041336@bac2015.taalim.ma', '', '128', 'M', '1253699', '', 'اجضيض', 'S087', '1513041336', ''),
(107, 'فيروشان', 'FIROUCHANE', 'محمدرمزي', 'MOHAMED RAMZI', '11/06/1996', 'marrakech', 'مراكش', 'A06.14', 'A06.14', '', '', '', 0, '122336', '12025077@bac2015.taalim.ma', '', '128', 'M', '1253699', '', 'فيروشان', 'J645', '1512025077', ''),
(108, 'براح', 'BERRAH', 'ايوب', 'AYOUB', '29/06/1997', 'OULAD DAHOU AIT MELLOUL', 'اولاد داحو انزكان ايت ملول', 'A58.06', 'A58.06', '', '', '', 0, '122336', '13025773@bac2015.taalim.ma', '', '128', 'M', '1253699', '', 'براح', 'J870', '1513025773', ''),
(109, 'الزويني', 'EZ-ZOUYNY', 'نجاة', 'Najat', '01/01/1994', 'IGHOUD', 'ايغود', 'A14.06', 'A14.06', '', '', '', 0, '122336', '12019127@bac2015.taalim.ma', '', '128', 'F', '1253699', '', 'الزويني', 'J919', '1512019127', ''),
(110, 'مسافع', 'MOUSSAFIA', 'طيب', 'TAYEB', '03/07/1995', 'ELKLEAA', 'القليعة', 'A58.04', 'A58.04', '', '', '', 0, '122336', '12000858@bac2015.taalim.ma', '', '128', 'M', '1253699', '', 'مسافع', 'J417', '1512000858', ''),
(111, 'بجديد', 'BOUJDID', 'فاطمة', 'FATIMA', '22/09/1997', 'TIMOULAY GUELMIM', 'تيمولاي كلميم', 'A73.06', 'A73.06', '', '', '', 0, '122336', '13036159@bac2015.taalim.ma', '', '128', 'F', '1253699', '', 'بجديد', 'J972', '1513036159', ''),
(112, 'ولدرون', 'OULEDDROUN', 'توفيق', 'TAOUFIK', '18/04/1997', 'TADGHAST', 'تدغست', 'A02.16', 'A02.16', '', '', '', 0, '122336', '13009725@bac2015.taalim.ma', '', '128', 'M', '1253699', '', 'ولدرون', 'P450', '1513009725', ''),
(113, 'حيكون ', 'HIGUOUN', 'ر بحة ', 'RABHA', '14/12/1997', 'Sidi Bouabdelli', 'سيدي بو عبد اللي', 'A03.21', 'A03.21', '', '', '', 0, '122336', '13015369@bac2015.taalim.ma', '', '128', 'F', '1253699', '', 'حيكون ', 'J8593', '1513015369', ''),
(114, 'افوس', 'AFOUSS', 'خديجة', 'KHADIJA', '19/06/1997', 'ERRACHIDIA', 'الراشيدية', 'A37.01', 'A37.01', '', '', '', 0, '122336', '13050251@bac2015.taalim.ma', '', '128', 'F', '1253699', '', 'افوس', 'S995', '1513050251', ''),
(115, 'افرياض', 'AFERIAD', 'ماجدة', 'MAJDA', '25/12/1997', 'AGADIR', 'اكادير', 'A01.01', 'A01.01', '', '', '', 0, '122336', '13004175@bac2015.taalim.ma', '', '128', 'F', '1253699', '', 'افرياض', 'J049', '1513004175', ''),
(116, 'وهيا', 'OUAHIA ', 'السعدية', 'SAADIA ', '07/08/1997', 'BOUIZAKARNE', 'بويزكارن', 'A73.02', 'A73.02', '', '', '', 0, '122336', '13036094@bac2015.taalim.ma', '', '128', 'F', '1253699', '', 'وهيا', 'J471', '1513036094', ''),
(117, 'كروان', 'KARAOUANE', 'سمية', 'SOUMYA', '10/09/1997', 'Dcheira El Jihadia (M)', 'الدشيرة الجهادية', 'A58.03', 'A58.03', '', '', '', 0, '122336', '13032420@bac2015.taalim.ma', '', '128', 'F', '1253699', '', 'كروان', 'JB323', '1513032420', ''),
(118, 'الكريمي', 'ELKARIMI', 'شريفة', 'CHARIFA', '28/07/1997', 'Tamegroute', 'تامكروت', 'A38.10', 'A38.10', '', '', '', 0, '122336', '13011004@bac2015.taalim.ma', '', '128', 'F', '1253699', '', 'الكريمي', 'P37002', '1513011004', ''),
(119, 'لقويسمي', 'LAKOUISMI', 'حنان', 'HANAN', '01/09/1997', 'AGADIR', 'اكادير', 'A01.01', 'A01.01', '', '', '', 0, '122336', '13035603@bac2015.taalim.ma', '', '128', 'F', '1253699', '', 'لقويسمي', 'M65159', '1513035603', ''),
(120, 'العسري ', 'EL-ASSRI', 'عبد العظيم ', 'ABDELADIM', '13/03/1998', 'inezgane', 'انزكان', 'A01.01', 'A01.01', '', '', '', 0, '122336', '13034698@bac2015.taalim.ma', '', '128', 'M', '1253699', '', 'العسري ', 'J870', '1513034698', ''),
(121, 'شهرزاد اهل', 'CHAHRAZAD AHL', 'سيدي ابراهيم ', 'SIDI BRAHIM ', '15/05/1997', 'TAN-TAN TANTAN', 'طان طان طانطان', 'A74.01', 'A74.01', '', '', '', 0, '122336', '13056292@bac2015.taalim.ma', '', '128', 'F', '1253699', '', 'شهرزاد اهل', 'O393', '1513056292', ''),
(122, 'المناوش', 'ELMENNAOUIECH', 'رباب', 'RABAB', '02/05/1997', 'BOUJDOUR', 'بوجدور', 'A69.01', 'A69.01', '', '', '', 0, '122336', '13049500@bac2015.taalim.ma', '', '128', 'F', '1253699', '', 'المناوش', 'SL14', '1513049500', ''),
(123, 'كموري', 'GUEMOURI', 'نورالدين', 'NOUR-EDDINE', '01/06/1997', 'TIZNIT', 'تيزنيت', 'A03.01', 'A03.01', '', '', '', 0, '122336', '13013819@bac2015.taalim.ma', '', '128', 'M', '1253699', '', 'كموري', 'J155', '1513013819', ''),
(124, 'أعزرو', 'AZARO', 'مروى', 'MAROUA', '06/08/1995', 'agadir', 'اكادير', 'A01.01', 'A01.01', '', '', '', 0, '122336', '11005930@bac2015.taalim.ma', '', '128', 'F', '1253699', '', 'أعزرو', 'J703', '1511005930', ''),
(125, 'العماري', 'ELOMARI', 'الهام', 'ILHAM', '10/11/1995', 'ELKSSIBA BENI MALLAL', 'القصيبة بني ملال', 'A08.04', 'A08.04', '', '', '', 0, '122336', '12165550@bac2015.taalim.ma', '', '128', 'F', '1253699', '', 'العماري', 'I669', '1512165550', ''),
(126, 'معيط', 'MAIT', 'الزهرة', 'Ezzahra', '12/12/1993', 'ELKOUDIA', 'الكدية', 'A49.38', 'A49.38', '', '', '', 0, '122336', '13025900@bac2015.taalim.ma', '', '128', 'F', '1253699', '', 'معيط', 'J43', '1513025900', ''),
(127, 'حيلي', 'HILI', 'عماد', 'IMAD', '02/09/1997', 'TAROUDANT', 'تارودانت', 'A49.01', 'A49.01', '', '', '', 0, '122336', '13027948@bac2015.taalim.ma', '', '128', 'M', '1253699', '', 'حيلي', 'JC641', '1513027948', ''),
(128, 'بلاج', 'BALAJ ', 'روعة', 'RAOUà ', '01/03/1998', 'laayoune', 'العيون', 'A71.01', 'A71.01', '', '', '', 0, '122336', '13048356@bac2015.taalim.ma', '', '128', 'F', '1253699', '', 'بلاج', 'SH165', '1513048356', ''),
(129, 'معطوي', 'MATAOUI', 'إيمان', 'IMANE', '14/07/1997', 'AGADIR', 'أكادير', 'A01.01', 'A01.01', '', '', '', 0, '122336', '13006152@bac2015.taalim.ma', '', '128', 'F', '1253699', '', 'معطوي', 'J884', '1513006152', ''),
(130, 'اوجاعا', 'OUJAA ', 'محمد', 'MOHAMED ', '28/11/1994', 'AIT OUABELLI TATA', 'ايت وابلي طاطا', 'A75.05', 'A75.05', '', '', '', 0, '122336', '12041940@bac2015.taalim.ma', '', '128', 'M', '1253699', '', 'اوجاعا', 'JY20', '1512041940', ''),
(131, 'هباز', 'HABBAZ', 'سكينة', 'SOUKAINA', '22/12/1997', 'Agadir (M)', 'أكادير', 'A01.01', 'A01.01', '', '', '', 0, '122336', '13001916@bac2015.taalim.ma', '', '128', 'F', '1253699', '', 'هباز', 'JK57', '1513001916', ''),
(132, 'ازكني', 'AZOUKNI ', 'فتيحة', 'FATIHA ', '12/12/1995', 'FAM EL HISN', 'فم الحصن', 'A75.03', 'A75.03', '', '', '', 0, '122336', '12023583@bac2015.taalim.ma', '', '128', 'F', '1253699', '', 'ازكني', 'JA204', '1512023583', ''),
(133, 'الزوين', 'ZOUINE', 'اسماعيل', 'ISMAIL', '04/03/1994', 'Zagora (M)', 'زاكورة', 'A38.01', 'A38.01', '', '', '', 0, '122336', '12012195@bac2015.taalim.ma', '', '128', 'M', '1253699', '', 'الزوين', 'P4360', '1512012195', ''),
(134, 'خي', 'KHIYI', 'ايوب', 'AYOUB', '04/03/1996', 'AIT MELLOUL', 'ايت ملول', 'A58.04', 'A58.04', '', '', '', 0, '122336', '12000884@bac2015.taalim.ma', '', '128', 'M', '1253699', '', 'خي', 'J434', '1512000884', ''),
(135, 'اولحلو', 'OULEHLOU', 'مريم', 'MARYAM', '03/10/1996', 'Taroudannt', 'تارودانت', 'A49.01', 'A49.01', '', '', '', 0, '122336', '12020533@bac2015.taalim.ma', '', '120', 'F', '1253699', '', 'اولحلو', 'J2617', '1512020533', ''),
(136, 'الدريف', 'DRAIF', 'زكرياء', 'ZAKARIA', '05/03/1997', 'AGADIR', 'اكادير', 'A01.01', 'A01.01', '', '', '', 0, '122336', '13001433@bac2015.taalim.ma', '', '128', 'M', '1253699', '', 'الدريف', 'J194', '1513001433', ''),
(137, 'بيمزكان ', 'BIMAZGANE ', 'خدوجة ', 'KHADOUJA ', '24/06/1997', 'TAKOUCHTE', 'تكوشت', 'A05.36', 'A05.36', '', '', '', 0, '122336', '13016884@bac2015.taalim.ma', '', '128', 'F', '1253699', '', 'بيمزكان ', 'J399', '1513016884', ''),
(138, 'اوراص', 'AOURRAS', 'مريم', 'MARYAM', '11/06/1997', 'HASSI LABGAR', 'حاسي البقر', 'A57.14', 'A57.14', '', '', '', 0, '122336', '13017908@bac2015.taalim.ma', '', '128', 'F', '1253699', '', 'اوراص', 'J6394', '1513017908', ''),
(139, 'باحمو', 'BAHMOU', 'محمد', 'Mohamed', '30/12/1996', 'ASSAKA IFRANE A/S', 'اسكا افران أ/ص', 'A73.05', 'A73.05', '', '', '', 0, '122336', '13036516@bac2015.taalim.ma', '', '128', 'M', '1253699', '', 'باحمو', 'J5483', '1513036516', ''),
(140, 'بودار', 'BOUDAR', 'زهرة', 'ZAHRA', '08/02/1991', 'ANZEGAR', 'دوار انزكار', 'A05.32', 'A05.32', '', '', '', 0, '122336', '11014235@bac2015.taalim.ma', '', '128', 'F', '1253699', '', 'بودار', 'J7906', '1511014235', ''),
(141, 'سوفيان ', 'SOFFIANE ', 'أحمد ', 'AHMED ', '07/04/1994', 'AIT BOUFOULEN', 'ايت بوفلن', 'A73.04', 'A73.04', '', '', '', 0, '122336', '12038864@bac2015.taalim.ma', '', '128', 'M', '1253699', '', 'سوفيان ', 'J3035', '1512038864', ''),
(142, 'بمليك', 'BOUMLIK', 'كريمة', 'KARIMA', '17/04/1996', 'Agadir', 'أكادير', 'A01.01', 'A01.01', '', '', '', 0, '122336', '12028325@bac2015.taalim.ma', '', '128', 'F', '1253699', '', 'بمليك', 'J468', '1512028325', ''),
(143, 'الحافظي', 'EL-HA\'FIDY', 'فاطمة', 'FATIMA', '18/08/1994', 'Taghbalte', 'تغبالت', 'A38.21', 'A38.21', '', '', '', 0, '122336', '13013142@bac2015.taalim.ma', '', '128', 'F', '1253699', '', 'الحافظي', 'P9307', '1513013142', ''),
(144, 'جاي', 'JAY', 'عماد', 'IMAD', '10/08/1992', 'AIT SADRATE SAHEL EL GHARBIA', 'ايت سدرات السهل الغربية', 'A78.03', 'A78.03', '', '', '', 0, '122336', '29018235@bac2015.taalim.ma', '', '128', 'M', '1253699', '', 'جاي', 'P0958', '1529018235', ''),
(145, 'حجي', 'HAJJY', 'سارة', 'SARA', '26/10/1997', 'Inezgane (M)', 'إنزكان', 'A01.01', 'A01.01', '', '', '', 0, '122336', '13032177@bac2015.taalim.ma', '', '128', 'F', '1253699', '', 'حجي', 'JB268', '1513032177', ''),
(146, 'كموري صلاح', 'GUEMOURI', 'الدين ', 'SALAH-EDDINE', '01/06/1997', 'Tiznit (M)', 'تيزنيت', 'A03.01', 'A03.01', '', '', '', 0, '122336', '13013820@bac2015.taalim.ma', '', '128', 'M', '1253699', '', 'كموري صلاح', 'J805', '1513013820', ''),
(147, 'ايت ازناك', 'AIT-OUZNAG', 'اسماعيل ', 'ISMAIL', '11/11/1994', 'DR TIMJICHTE AIT AMEUR', 'دوار تمجيشت ايت اعمرو', 'A02.09', 'A02.09', '', '', '', 0, '122336', '13009210@bac2015.taalim.ma', '', '128', 'M', '1253699', '', 'ايت ازناك', 'P285', '1513009210', ''),
(148, 'تمنزاي', 'TAMENZAY', 'عصام', 'Issam', '15/02/1998', 'TAROUDANT', 'تارودانت', 'A49.05', 'A49.05', '', '', '', 0, '122336', '13028240@bac2015.taalim.ma', '', '128', 'M', '1253699', '', 'تمنزاي', 'JC101', '1513028240', ''),
(149, 'بومليك', 'BOUMLIK', 'مولود', 'MOULOUD', '02/08/1995', 'douare aguerd n\'amer douare aguerd n\'amer fraction', 'دوار اكرض نعمر فرقة ازور اغالن اوكنز', 'A57.10', 'A57.10', '', '', '', 0, '122336', '13015631@bac2015.taalim.ma', '', '128', 'M', '1253699', '', 'بومليك', 'J594', '1513015631', ''),
(150, 'سعود', 'SAOUD', 'أوسامة', 'OUSSAMA', '10/10/1997', 'ALJDIRIYA ES SEMARA', 'الجديرية السمارة', 'A68.02', 'A68.02', '', '', '', 0, '122336', '13041421@bac2015.taalim.ma', '', '128', 'M', '1253699', '', 'سعود', 'S851', '1513041421', ''),
(151, 'سراج', 'SIRAJEDDINE ', 'الدين', 'HANAN ', '24/12/1993', 'INEZGANE', 'انزكان', 'A58.01', 'A58.01', '', '', '', 0, '122336', '13016860@bac2015.taalim.ma', '', '128', 'F', '1253699', '', 'سراج', 'J203', '1513016860', ''),
(152, 'بسافن فاطمة', 'BISSAFFEN FATIMA', 'الزهراء ', 'ZAHRA ', '10/09/1997', 'AGADIR', 'اكادير', 'A01.01', 'A01.01', '', '', '', 0, '122336', '13006037@bac2015.taalim.ma', '', '128', 'F', '1253699', '', 'بسافن فاطمة', 'J667', '1513006037', ''),
(153, 'الزين', 'ZINE', 'عدنان', 'ADNANE', '05/09/1994', 'Fes Medina (AR)', 'فاس المدينة', 'A32.03', 'A32.03', '', '', '', 0, '122336', '11011300@bac2015.taalim.ma', '', '128', 'M', '1253699', '', 'الزين', 'J224', '1511011300', ''),
(154, 'أنزالي', 'ANZALI', 'مراد', 'MOURAD', '01/10/1996', 'Agadir', 'أكادير', 'A01.01', 'A01.01', '', '', '', 0, '122336', '12099562@bac2015.taalim.ma', '', '128', 'M', '1253699', '', 'أنزالي', 'J897', '1512099562', ''),
(155, 'العقاد ', 'EL', 'رشيد ', 'AQQAD', '01/08/1996', 'MESFIOUA', 'مسفيوة', 'A92.07', 'A92.07', '', '', '', 0, '122336', '13016891@bac2015.taalim.ma', '', '128', 'M', '1253699', '', 'العقاد ', 'J682', '1513016891', ''),
(156, 'المشتيم', 'EL MOUCHTIM', 'حنان', 'HANAN ', '04/09/1994', 'ZAOUYATE SIDI SALH. ELFRIJA', 'زاوية سيدي صالح. الفريجة', 'A49.52', 'A49.52', '', '', '', 0, '122336', '11029422@bac2015.taalim.ma', '', '128', 'F', '1253699', '', 'المشتيم', 'JC699', '1511029422', ''),
(157, 'لميل', 'LAMAIL', 'حسن', 'HASSAN', '22/11/1994', 'Zagora (M)', 'زاكورة', 'A38.01', 'A38.01', '', '', '', 0, '122336', '12012228@bac2015.taalim.ma', '', '128', 'M', '1253699', '', 'لميل', 'P0704', '1512012228', ''),
(158, 'اتبوط', 'OUTBOUT', 'فاطمة', 'FATIMA', '10/04/1997', 'C. TAZZARTE', 'ج. تزارت', 'A92.15', 'A92.15', '', '', '', 0, '122336', '13017937@bac2015.taalim.ma', '', '128', 'F', '1253699', '', 'اتبوط', 'JH43', '1513017937', ''),
(159, 'ادبلا', 'ID BELLA', 'مسعود', 'Messaoud ', '14/07/1997', 'tiznit', 'تيزنيت', 'A03.01', 'A03.01', '', '', '', 0, '122336', '13036429@bac2015.taalim.ma', '', '128', 'M', '1253699', '', 'ادبلا', 'JA65', '1513036429', ''),
(160, 'فارس', 'fares', 'جهان', 'jihan', '25/01/1996', 'LAAYOUNE', 'العيون', 'A71.01', 'A71.01', '', '', '', 0, '122336', '12050437@bac2015.taalim.ma', '', '128', 'F', '1253699', '', 'فارس', 'S242', '1512050437', ''),
(161, 'السفات', 'ES-SAFFAT', 'حسن', 'HASSAN', '26/08/1994', 'SIDI BOUSHAB', 'سيدي بو السحاب', 'A57.16', 'A57.16', '', '', '', 0, '122336', '12024769@bac2015.taalim.ma', '', '128', 'M', '1253699', '', 'السفات', 'JH56', '1512024769', ''),
(162, 'شطير', 'CHATIR', 'حسن', 'HASSAN', '07/02/1997', 'AGADIR', 'أكادير', 'A01.01', 'A01.01', '', '', '', 0, '122336', '13004735@bac2015.taalim.ma', '', '128', 'M', '1253699', '', 'شطير', 'J505', '1513004735', ''),
(163, 'اكيزول ', 'AGUISOUL', 'فاطمة الزهراء', 'FATIMA-ZAHRA', '21/11/1997', 'Agadir (M)', 'أكادير', 'A01.01', 'A01.01', '', '', '', 0, '122336', '13002283@bac2015.taalim.ma', '', '128', 'F', '1253699', '', 'اكيزول ', 'J471', '1513002283', ''),
(164, 'بيفنشكر', 'BIFANCHKER', 'حميد', 'HAMID', '16/12/1995', 'ID ALI ID CHAOUD', 'اد علي ادشعود', 'A56.02', 'A56.02', '', '', '', 0, '122336', '13037261@bac2015.taalim.ma', '', '128', 'M', '1253699', '', 'بيفنشكر', 'J9949', '1513037261', ''),
(165, 'الداودي', 'DAOUDI', 'سفيان', 'SOUFIANE', '28/05/1997', 'AGADIR', 'اكادير', 'A08.01', 'A08.01', '', '', '', 0, '122336', '13004158@bac2015.taalim.ma', '', '128', 'M', '1253699', '', 'الداودي', 'J66', '1513004158', ''),
(166, 'كوجيلي عبد', 'GOUJILI', 'الاله ', 'ABDEL-ILLAH', '19/03/1996', 'TINGHIR', 'تنغير', 'A78.01', 'A78.01', '', '', '', 0, '122336', '13022134@bac2015.taalim.ma', '', '128', 'M', '1253699', '', 'كوجيلي عبد', 'P750', '1513022134', ''),
(167, 'بابيل', 'BABILE', 'عمر', 'OMAR', '18/08/1997', 'DR ASSERSA AIT AMEUR', 'دوار اسرسا ايت اعمرو', 'A02.02', 'A02.02', '', '', '', 0, '122336', '13009228@bac2015.taalim.ma', '', '128', 'M', '1253699', '', 'بابيل', 'P868', '1513009228', ''),
(168, 'احسيني', 'OUHSSINI', 'محمد', 'MOHAMED', '04/09/1994', 'DOUAR AIT MNAD', 'ايت مناد  تغبالت', 'A38.21', 'A38.21', '', '', '', 0, '122336', '11001527@bac2015.taalim.ma', '', '128', 'M', '1253699', '', 'احسيني', 'Pd888', '1511001527', ''),
(169, 'اباعلي', 'ABAALI', 'يوسف', 'YOUSSEF', '18/05/1994', 'Agadir (M)', 'أكادير', 'A01.01', 'A01.01', '', '', '', 0, '122336', '13001946@bac2015.taalim.ma', '', '128', 'M', '1253699', '', 'اباعلي', 'J89', '1513001946', ''),
(170, 'وسنسي', 'OUSINSI', 'عمر', 'OMAR', '19/11/1996', 'H\'Ssiya', 'حصيا', 'A78.22', 'A78.22', '', '', '', 0, '122336', '13012760@bac2015.taalim.ma', '', '128', 'M', '1253699', '', 'وسنسي', 'P916', '1513012760', ''),
(171, 'سكراتي', 'SOUGRATI', 'طارق', 'Tariq', '01/06/1996', 'Hmer leglalcha', 'احمر لكلالشة', 'A49.46', 'A49.46', '', '', '', 0, '122336', '13026890@bac2015.taalim.ma', '', '128', 'M', '1253699', '', 'سكراتي', 'JC865', '1513026890', ''),
(172, 'ادعمي', 'IDAMMI', 'عيسى', 'AISSA', '14/02/1993', 'Agadir (M)', 'أكادير', 'A01.01', 'A01.01', '', '', '', 0, '122336', '11008106@bac2015.taalim.ma', '', '128', 'M', '1253699', '', 'ادعمي', 'JM483', '1511008106', ''),
(173, 'تبوتزوات', 'ATBOUTZOUAT', 'وفاء', 'WAFAE', '27/10/1997', 'GUELMIM', 'كلميم', 'A73.01', 'A73.01', '', '', '', 0, '122336', '13036367@bac2015.taalim.ma', '', '128', 'F', '1253699', '', 'تبوتزوات', 'JA7073', '1513036367', ''),
(175, 'برواية عبد', 'BEROUAYA', 'الكريم ', 'ABDELKARIM', '21/06/1997', 'ait melloul', 'أيت ملول', 'A58.02', 'A58.02', '', '', '', 0, '122336', '13033225@bac2015.taalim.ma', '', '128', 'M', '1253699', '', 'برواية عبد', 'J222', '1513033225', ''),
(176, 'سي امغار', 'SIOMGHAR', 'حميد ', 'HAMID', '02/12/1996', 'OULAD TEIMA', 'أولاد تايمة', 'A49.02', 'A49.02', '', '', '', 0, '122336', '12016946@bac2015.taalim.ma', '', '128', 'M', '1253699', '', 'سي امغار', 'J448', '1512016946', ''),
(177, 'الضيف', 'OUDIF', 'طامو', 'Tamou', '02/11/1995', 'Adouar', 'أضوار', 'A49.02', 'A49.02', '', '', '', 0, '122336', '12019174@bac2015.taalim.ma', '', '128', 'F', '1253699', '', 'الضيف', 'J012', '1512019174', ''),
(178, 'الرزكي', 'RAZGUI', 'بشرى', 'BOUCHRA', '06/09/1997', 'OULED BERHIL', 'اولاد برحيل', 'A49.01', 'A49.01', '', '', '', 0, '122336', '13028573@bac2015.taalim.ma', '', '128', 'F', '1253699', '', 'الرزكي', 'JC975', '1513028573', ''),
(179, 'أبشان', 'ABACHANE', 'مريم', 'MERIEM', '04/12/1997', 'AIT M/NAD  TAGHBALTE', 'ايت مناد تغبالت', 'A38.21', 'A38.21', '', '', '', 0, '122336', '13013141@bac2015.taalim.ma', '', '128', 'F', '1253699', '', 'أبشان', 'P7469', '1513013141', ''),
(180, 'كوغروض', 'GOGHROD', 'رانية', 'RANYA', '31/01/1998', 'AGADIR', 'اكادير', 'A01.01', 'A01.01', '', '', '', 0, '122336', '13006287@bac2015.taalim.ma', '', '128', 'F', '1253699', '', 'كوغروض', 'J811', '1513006287', ''),
(181, 'ايت حساين', 'AIT HSAINE', 'الحسن ', 'EL HASSANE ', '25/04/1996', 'TELOUATE', 'تلوات', 'A02.05', 'A02.05', '', '', '', 0, '122336', '13009706@bac2015.taalim.ma', '', '128', 'M', '1253699', '', 'ايت حساين', 'P593', '1513009706', ''),
(182, 'امطون', 'AMTOUNE', 'اسماء', 'ASMAE', '19/01/1996', 'SIDI OTHMANE MOULAY RACHID', 'سيدي عثمان مولاي رشيد', 'A64.15', 'A64.15', '', '', '', 0, '122336', '13037609@bac2015.taalim.ma', '', '128', 'F', '1253699', '', 'امطون', 'J5495', '1513037609', ''),
(183, 'العلاوي', 'el-aalaoui', 'فاتحة', 'Fatiha', '06/05/1997', 'NIHIT', 'دوار زاوية افيان جماعة النحيت', 'A49.21', 'A49.21', '', '', '', 0, '122336', '13023307@bac2015.taalim.ma', '', '128', 'F', '1253699', '', 'العلاوي', 'J436', '1513023307', ''),
(184, 'بولهوى', 'BOULHAOUA', 'ايوب', 'AYOUB', '03/09/1995', 'Tafrraout El Mouloud', 'تفراوت المولود', 'A03.10', 'A03.10', '', '', '', 0, '122336', '12023092@bac2015.taalim.ma', '', '128', 'M', '1253699', '', 'بولهوى', 'J0806', '1512023092', ''),
(185, 'التعمري', 'ETTAAMARI', 'كمال', 'KAMAL', '13/11/1995', 'AGADIR', 'اكادير', 'A01.01', 'A01.01', '', '', '', 0, '122336', '13034126@bac2015.taalim.ma', '', '128', 'M', '1253699', '', 'التعمري', 'JM642', '1513034126', ''),
(186, 'مشبوك', 'MECHBOUK', 'فردوس', 'FERDAOUSS', '05/01/1996', 'BOUJDOUR', 'بوجدور', 'A69.01', 'A69.01', '', '', '', 0, '122336', '12053851@bac2015.taalim.ma', '', '128', 'F', '1253699', '', 'مشبوك', 'S3645', '1512053851', ''),
(187, 'الكريش', 'EL GRICH', 'السعيد', 'ESSAYD ', '28/06/1995', 'Sidi Moussa Lhamri', 'سيدي موسى الحمري', 'A49.33', 'A49.33', '', '', '', 0, '122336', '12018315@bac2015.taalim.ma', '', '128', 'M', '1253699', '', 'الكريش', 'J73', '1512018315', ''),
(188, 'كزيزر', 'GZIZIR', 'اميمة', 'OUMAIMA', '16/02/1997', 'Biougra', 'بيوكرى', 'A01.01', 'A01.01', '', '', '', 0, '122336', '13016329@bac2015.taalim.ma', '', '128', 'F', '1253699', '', 'كزيزر', 'J25', '1513016329', ''),
(189, 'أيت عطى', 'AIT ATTA', 'محمد ', 'MOHAMED ', '06/05/1994', 'Aoulouz', 'اولوز', 'A38.01', 'A38.01', '', '', '', 0, '122336', '11021446@bac2015.taalim.ma', '', '128', 'M', '1253699', '', 'أيت عطى', 'P767', '1511021446', ''),
(190, 'عميرات', 'AMIRAT', 'يوسف', 'YOUSSEF', '06/09/1997', 'laayoune', 'العيون', 'A71.01', 'A71.01', '', '', '', 0, '122336', '13049736@bac2015.taalim.ma', '', '128', 'M', '1253699', '', 'عميرات', 'S73', '1513049736', ''),
(191, 'المسعودي عبد', 'EL MESSOUDY', 'الحكيم ', 'ABDELHAKIM ', '01/02/1996', 'Zagora (M) .BENI ZOLI', 'بني زولي زاكورة', 'A38.09', 'A38.09', '', '', '', 0, '122336', '12009323@bac2015.taalim.ma', '', '128', 'M', '1253699', '', 'المسعودي عبد', 'P6043', '1512009323', ''),
(192, 'ليام', 'LAYAM', 'كلثوم', 'KELTOUM', '16/07/1996', 'AKKA IGHANE TATA', 'اقايغان طاطا', 'A75.17', 'A75.17', '', '', '', 0, '122336', '13039218@bac2015.taalim.ma', '', '128', 'F', '1253699', '', 'ليام', 'JY59', '1513039218', ''),
(193, 'الطالبي', 'TALBI', 'حسن', 'HASSAN', '16/10/1995', 'ZAGORA', 'زاكورة', 'A38.01', 'A38.01', '', '', '', 0, '122336', '13012290@bac2015.taalim.ma', '', '128', 'M', '1253699', '', 'الطالبي', 'K1556', '1513012290', ''),
(194, 'اورو', 'AOUROU', 'نورة', 'NOURA', '15/01/1996', 'INZEGANE', 'انزكان', 'A58.01', 'A58.01', '', '', '', 0, '122336', '13031620@bac2015.taalim.ma', '', '128', 'F', '1253699', '', 'اورو', 'J305', '1513031620', ''),
(195, 'اولحاج', 'OULHAJ', 'محمد', 'MOHAMED', '30/03/1995', 'ADIS TATA', 'اديس طاطا', 'A75.10', 'A75.10', '', '', '', 0, '122336', '11317755@bac2015.taalim.ma', '', '128', 'M', '1253699', '', 'اولحاج', 'J789', '1511317755', ''),
(196, 'اقدوح', 'AQADOH', 'حنان', 'HANANE', '27/11/1997', 'TAMAAIT OUFLLA CR AMSKROUD', 'تماعيت افلا جماعة أمسكرود', 'A01.02', 'A01.02', '', '', '', 0, '122336', '13001238@bac2015.taalim.ma', '', '128', 'F', '1253699', '', 'اقدوح', 'J067', '1513001238', ''),
(197, 'الكتاني', 'El kattany', 'خديجة', 'Khadija ', '07/04/1996', 'LAAYOUNE', 'العيون', 'A71.01', 'A71.01', '', '', '', 0, '122336', '13048299@bac2015.taalim.ma', '', '128', 'F', '1253699', '', 'الكتاني', 'S2370', '1513048299', ''),
(198, 'اشن', 'OUCHENE', 'مريم', 'MARYAM', '13/05/1997', 'AIT MELLOUL', 'ايت ملول', 'A58.02', 'A58.02', '', '', '', 0, '122336', '13033172@bac2015.taalim.ma', '', '128', 'F', '1253699', '', 'اشن', 'J983', '1513033172', ''),
(199, 'بوزكري', 'BOUZKRI', 'خديجة', 'KHADIJA', '26/03/1996', 'EL MARSA LAAYOUNE', 'المرسى العيون', 'A71.02', 'A71.02', '', '', '', 0, '122336', '12053039@bac2015.taalim.ma', '', '128', 'F', '1253699', '', 'بوزكري', 'S532', '1512053039', ''),
(200, 'التفراوي', 'ET.TAFRAOUI', 'سمية', 'SOMAYYA', '14/06/1994', 'Tamegroute/  ZAGORA', 'تمكروت / زاكورة', 'A38.10', 'A38.10', '', '', '', 0, '122336', '12000088@bac2015.taalim.ma', '', '128', 'F', '1253699', '', 'التفراوي', 'J510', '1512000088', ''),
(201, 'مغني', 'MAGHNI', 'محمد', 'MOHAMED', '24/12/1995', 'Sidi Moussa Lhamri', 'سيدي موسى الحمري', 'A49.33', 'A49.33', '', '', '', 0, '122336', '13025350@bac2015.taalim.ma', '', '128', 'M', '1253699', '', 'مغني', 'J172', '1513025350', '');

-- --------------------------------------------------------

--
-- Structure de la table `examen`
--

CREATE TABLE `examen` (
  `ID` INT PRIMARY KEY NOT NULL AUTO_INCREMENT,
  `ID_LOCAL` int(11) NOT NULL,
  `APOGEE` int(11) NOT NULL,
  `ID_MODMAT` varchar(30) NOT NULL,
  `N_EXAMEN` int(11) NOT NULL,
  `h_Debut` datetime NOT NULL,
  `h_Fin` datetime NOT NULL,
  `NOTE` decimal(4,2) DEFAULT NULL,
  `RESULTAT` int(11) DEFAULT NULL,
  `SESSION` char(150) DEFAULT NULL
) ENGINE=InnoDB DEFAULT CHARSET=utf8mb4;

-- --------------------------------------------------------

--
-- Structure de la table `filiere`
--

CREATE TABLE `filiere` (
  `ID_FILIERE` int(11) NOT NULL,
  `IDDEPT` varchar(30) NOT NULL,
  `INTULITE_AR` varchar(50) DEFAULT NULL,
  `INTULITE_FR` varchar(50) DEFAULT NULL,
  `ID_PROFCORD` int(11) NOT NULL
) ENGINE=InnoDB DEFAULT CHARSET=utf8mb4;

-- --------------------------------------------------------

--
-- Structure de la table `grade`
--

CREATE TABLE `grade` (
  `IDGRADE` int(11) NOT NULL,
  `INTITULEGRADE` varchar(20) DEFAULT NULL
) ENGINE=InnoDB DEFAULT CHARSET=utf8mb4;

-- --------------------------------------------------------

--
-- Structure de la table `gradeprof`
--

CREATE TABLE `gradeprof` (
  `IDGRADE` int(11) NOT NULL,
  `IDUTILISATEUR` int(11) NOT NULL,
  `DATE` date NOT NULL
) ENGINE=InnoDB DEFAULT CHARSET=utf8mb4;

-- --------------------------------------------------------

--
-- Structure de la table `handicap`
--

CREATE TABLE `handicap` (
  `NUMEROHANDICAP` varchar(30) NOT NULL,
  `TYPEHANDICAP` varchar(30) DEFAULT NULL
) ENGINE=InnoDB DEFAULT CHARSET=utf8mb4;

-- --------------------------------------------------------

--
-- Structure de la table `handietud`
--

CREATE TABLE `handietud` (
  `NUMEROHANDICAP` varchar(30) NOT NULL,
  `APOGEE` int(11) NOT NULL
) ENGINE=InnoDB DEFAULT CHARSET=utf8mb4;

-- --------------------------------------------------------

--
-- Structure de la table `inscritbac`
--

CREATE TABLE `inscritbac` (
  `APOGEE` int(11) NOT NULL,
  `CODEBAC` varchar(30) NOT NULL,
  `IDETABLISSMENTBAC` int(11) NOT NULL,
  `ID_DETAIL` varchar(50) NOT NULL,
  `ID_DETAILPROV` varchar(50) DEFAULT NULL,
  `ANNEE` int(11) DEFAULT NULL,
  `NOTE` decimal(4,2) DEFAULT NULL,
  `MENTION` varchar(20) DEFAULT NULL
) ENGINE=InnoDB DEFAULT CHARSET=utf8mb4;

-- --------------------------------------------------------

--
-- Structure de la table `inscritdip`
--

CREATE TABLE `inscritdip` (
  `CODEDIPLOME` int(11) NOT NULL,
  `APOGEE` int(11) NOT NULL,
  `IDETABLISSEMENTBP` varchar(20) NOT NULL,
  `ANNEE` int(11) DEFAULT NULL,
  `NOTE` decimal(4,2) DEFAULT NULL,
  `MENTION` varchar(20) DEFAULT NULL
) ENGINE=InnoDB DEFAULT CHARSET=utf8mb4;

-- --------------------------------------------------------

--
-- Structure de la table `inscrit_modul`
--

CREATE TABLE `inscrit_modul` (
  `ID_MODMAT` varchar(30) NOT NULL,
  `APOGEE` int(11) NOT NULL,
  `ANNEE` int(11) DEFAULT NULL,
  `NOTE_EXAMEN` int(11) DEFAULT NULL,
  `RESULTAT` int(11) DEFAULT NULL,
  `OBSERVAION` char(150) DEFAULT NULL
) ENGINE=InnoDB DEFAULT CHARSET=utf8mb4;

-- --------------------------------------------------------

--
-- Structure de la table `intervenir`
--

CREATE TABLE `intervenir` (
  `IDUTILISATEUR` int(11) NOT NULL,
  `ID_MODMAT` varchar(30) NOT NULL,
  `ANNEE` int(11) DEFAULT NULL,
  `TYPE` varchar(30) DEFAULT NULL
) ENGINE=InnoDB DEFAULT CHARSET=utf8mb4;

-- --------------------------------------------------------

--
-- Structure de la table `langue`
--

CREATE TABLE `langue` (
  `ID_LANGUE` int(11) NOT NULL,
  `INTULITE` varchar(30) DEFAULT NULL
) ENGINE=InnoDB DEFAULT CHARSET=utf8mb4;

-- --------------------------------------------------------

--
-- Structure de la table `local`
--

CREATE TABLE `local` (
  `ID_LOCAL` int(11) NOT NULL,
  `NUM_LOCAL` int(11) DEFAULT NULL,
  `CAPACITE` int(11) DEFAULT NULL,
  `TYPE` varchar(30) DEFAULT NULL
) ENGINE=InnoDB DEFAULT CHARSET=utf8mb4;

-- --------------------------------------------------------

--
-- Structure de la table `module`
--

CREATE TABLE `module` (
  `ID_MODMAT` varchar(30) NOT NULL,
  `IDUTILISATEUR` int(11) NOT NULL,
  `INTULITE_AR` varchar(50) DEFAULT NULL,
  `INTULITE_FR` varchar(50) DEFAULT NULL,
  `VOLUME_HORAIRE` int(11) DEFAULT NULL,
  `NBR_MATIERE` int(11) DEFAULT NULL,
  `TYPE` varchar(30) DEFAULT NULL,
  `ID_MODUPERE` varchar(30) DEFAULT NULL,
  `ID_MODPREREQUI` varchar(30) NOT NULL
) ENGINE=InnoDB DEFAULT CHARSET=utf8mb4;

-- --------------------------------------------------------

--
-- Structure de la table `module_langue`
--

CREATE TABLE `module_langue` (
  `ID_MODMAT` varchar(30) NOT NULL,
  `ID_LANGUE` int(11) NOT NULL
) ENGINE=InnoDB DEFAULT CHARSET=utf8mb4;

-- --------------------------------------------------------

--
-- Structure de la table `module_type_ens`
--

CREATE TABLE `module_type_ens` (
  `ID_MODMAT` varchar(30) NOT NULL,
  `ID_TYPES` int(11) NOT NULL
) ENGINE=InnoDB DEFAULT CHARSET=utf8mb4;

-- --------------------------------------------------------

--
-- Structure de la table `mod_fil_sem`
--

CREATE TABLE `mod_fil_sem` (
  `ID_MODMAT` varchar(30) NOT NULL,
  `ID_FILIERE` int(11) NOT NULL,
  `ID_SEMESTRE` int(11) NOT NULL
) ENGINE=InnoDB DEFAULT CHARSET=utf8mb4;

-- --------------------------------------------------------

--
-- Structure de la table `parcours_type_desciplin`
--

CREATE TABLE `parcours_type_desciplin` (
  `ID_MODMAT` varchar(30) NOT NULL,
  `ID_DETAIL` varchar(50) NOT NULL
) ENGINE=InnoDB DEFAULT CHARSET=utf8mb4;

-- --------------------------------------------------------

--
-- Structure de la table `utilisateur`
--

CREATE TABLE `utilisateur` (
  `IDUTILISATEUR` int(11) NOT NULL,
  `IDSPEC` int(11) NULL,
  `IDDEPT` varchar(30) NULL,
  `CIN` varchar(20)  NULL,
  `N_SOM` varchar(30) NULL,
  `NOMFR` varchar(30) NULL,
  `NOMAR` varchar(30) NULL,
  `PRENOMFR` varchar(30) NULL,
  `PRENOMAR` varchar(30) NULL,
  `TELEPHONE` varchar(20) NULL,
  `EMAIL` varchar(30) NOT NULL,
  `PASSWORD` varchar(250) NOT NULL
) ENGINE=InnoDB DEFAULT CHARSET=utf8mb4;

-- --------------------------------------------------------

--
-- Structure de la table `proffess_typreside`
--

CREATE TABLE `proffess_typreside` (
  `APOGEE` int(11) NOT NULL,
  `ID_DETAIL` varchar(50) NOT NULL
) ENGINE=InnoDB DEFAULT CHARSET=utf8mb4;

-- --------------------------------------------------------

--
-- Structure de la table `reclamation`
--

CREATE TABLE `reclamation` (
  `ID_RECLAMATION` int(11) NOT NULL,
  `APOGEE` int(11) NOT NULL,
  `ID_MODMAT` varchar(30) NOT NULL,
  `DATE_RECLAMATION` date DEFAULT NULL,
  `COMMENTAIRE` text DEFAULT NULL
) ENGINE=InnoDB DEFAULT CHARSET=utf8mb4;

-- --------------------------------------------------------

--
-- Structure de la table `semestre`
--

CREATE TABLE `semestre` (
  `ID_SEMESTRE` int(11) NOT NULL,
  `INTULITE_SEMESTRE` varchar(20) DEFAULT NULL
) ENGINE=InnoDB DEFAULT CHARSET=utf8mb4;

-- --------------------------------------------------------

--
-- Structure de la table `specialite`
--

CREATE TABLE `specialite` (
  `IDSPEC` int(11) NOT NULL,
  `INTITULESPEC` varchar(30) NOT NULL
) ENGINE=InnoDB DEFAULT CHARSET=utf8mb4;

--
-- Déchargement des données de la table `specialite`
--

INSERT INTO `specialite` (`IDSPEC`, `INTITULESPEC`) VALUES
(1, 'Informatique'),
(2, 'Big Data'),
(3, 'physique'),
(4, 'Chimie');

-- --------------------------------------------------------

--
-- Structure de la table `type_enseigner`
--

CREATE TABLE `type_enseigner` (
  `ID_TYPES` int(11) NOT NULL,
  `TYPE` varchar(30) DEFAULT NULL
) ENGINE=InnoDB DEFAULT CHARSET=utf8mb4;

--
-- Déchargement des données de la table `type_enseigner`
--

INSERT INTO `type_enseigner` (`ID_TYPES`, `TYPE`) VALUES
(1, 'Présentiel'),
(2, 'A distance');

-- --------------------------------------------------------

--
-- Structure de la table `universofpp`
--

CREATE TABLE `universofpp` (
  `IDETABLISSEMENTBP` varchar(20) NOT NULL,
  `ID_DETAIL` varchar(50) NOT NULL
) ENGINE=InnoDB DEFAULT CHARSET=utf8mb4;

--
-- Déchargement des données de la table `universofpp`
--

INSERT INTO `universofpp` (`IDETABLISSEMENTBP`, `ID_DETAIL`) VALUES
('FS', 'UIZ');

-- --------------------------------------------------------

--
-- Structure de la table `ville`
--

CREATE TABLE `ville` (
  `CODEPOSTAL` int(11) NOT NULL,
  `ID_DETAIL` varchar(50) DEFAULT NULL,
  `INTITULEVILLE` varchar(30) DEFAULT NULL
) ENGINE=InnoDB DEFAULT CHARSET=utf8mb4;

--
-- Déchargement des données de la table `ville`
--

INSERT INTO `ville` (`CODEPOSTAL`, `ID_DETAIL`, `INTITULEVILLE`) VALUES
(80000, '06', 'Agadir');

--
-- Index pour les tables déchargées
--

--
-- Index pour la table `adresse`
--
ALTER TABLE `adresse`
  ADD PRIMARY KEY (`IDADRE`),
  ADD KEY `FK_SE_TROUVER` (`CODEPOSTAL`);

--
-- Index pour la table `adresseetud`
--
ALTER TABLE `adresseetud`
  ADD PRIMARY KEY (`IDADRE`,`APOGEE`),
  ADD KEY `FK_ADRESSEETUD` (`APOGEE`);

--
-- Index pour la table `annonce`
--
ALTER TABLE `annonce`
  ADD PRIMARY KEY (`IDANNONCE`),
  ADD KEY `FK_ANNONCER` (`IDUTILISATEUR`),
  ADD KEY `FK_ANNONCER3` (`APOGEE`),
  ADD KEY `FK_ANNONCER4` (`ID_MODMAT`),
  ADD KEY `FK_ANNONCER5` (`IDADMIN`),
  ADD KEY `ID_SEMESTRE` (`ID_SEMESTRE`);

--
-- Index pour la table `bac`
--
ALTER TABLE `bac`
  ADD PRIMARY KEY (`CODEBAC`);

--
-- Index pour la table `demande`
--
ALTER TABLE `demande`
  ADD PRIMARY KEY (`IDdemande`);

--
-- Index pour la table `departement`
--
ALTER TABLE `departement`
  ADD PRIMARY KEY (`IDDEPT`),
  ADD KEY `ID_PROFCHEF` (`ID_PROFCHEF`);

--
-- Index pour la table `detail_enum`
--
ALTER TABLE `detail_enum`
  ADD PRIMARY KEY (`id_detail`),
  ADD KEY `FK_ASSOCIATION_9` (`ID2`);

--
-- Index pour la table `diplome`
--
ALTER TABLE `diplome`
  ADD PRIMARY KEY (`CODEDIPLOME`),
  ADD KEY `FK_DIPLOMESPECIAL` (`ID_DETAIL`);

--
-- Index pour la table `enum`
--
ALTER TABLE `enum`
  ADD PRIMARY KEY (`ID2`);

--
-- Index pour la table `etablissementbac`
--
ALTER TABLE `etablissementbac`
  ADD PRIMARY KEY (`IDETABLISSMENTBAC`);

--
-- Index pour la table `etablissementbp`
--
ALTER TABLE `etablissementbp`
  ADD PRIMARY KEY (`IDETABLISSEMENTBP`);

--
-- Index pour la table `etudiant`
--
ALTER TABLE `etudiant`
  ADD PRIMARY KEY (`APOGEE`),
  ADD UNIQUE KEY `EMAIL` (`EMAIL`);

--
-- Index pour la table `examen`
--
ALTER TABLE `examen`
  ADD KEY `FK_EXAMINER` (`ID_MODMAT`),
  ADD KEY `FK_LOCAL` (`ID_LOCAL`),
  ADD KEY `FK_EXAMINER3` (`APOGEE`);

--
-- Index pour la table `filiere`
--
ALTER TABLE `filiere`
  ADD PRIMARY KEY (`ID_FILIERE`),
  ADD KEY `FK_FILIERE_DEPART` (`IDDEPT`),
  ADD KEY `ID_PROFCORD` (`ID_PROFCORD`);

--
-- Index pour la table `grade`
--
ALTER TABLE `grade`
  ADD PRIMARY KEY (`IDGRADE`);

--
-- Index pour la table `gradeprof`
--
ALTER TABLE `gradeprof`
  ADD PRIMARY KEY (`IDGRADE`,`IDUTILISATEUR`),
  ADD KEY `FK_GRADEPROF` (`IDUTILISATEUR`);

--
-- Index pour la table `handicap`
--
ALTER TABLE `handicap`
  ADD PRIMARY KEY (`NUMEROHANDICAP`);

--
-- Index pour la table `handietud`
--
ALTER TABLE `handietud`
  ADD PRIMARY KEY (`NUMEROHANDICAP`,`APOGEE`),
  ADD KEY `FK_HANDIETUD` (`APOGEE`);

--
-- Index pour la table `inscritbac`
--
ALTER TABLE `inscritbac`
  ADD PRIMARY KEY (`APOGEE`,`CODEBAC`,`IDETABLISSMENTBAC`,`ID_DETAIL`),
  ADD KEY `FK_INSCRITBAC` (`ID_DETAIL`),
  ADD KEY `FK_INSCRITBAC3` (`CODEBAC`),
  ADD KEY `FK_INSCRITBAC4` (`IDETABLISSMENTBAC`),
  ADD KEY `ID_DETAILPROV` (`ID_DETAILPROV`);

--
-- Index pour la table `inscritdip`
--
ALTER TABLE `inscritdip`
  ADD PRIMARY KEY (`CODEDIPLOME`,`APOGEE`,`IDETABLISSEMENTBP`),
  ADD KEY `FK_INSCRITDIP` (`IDETABLISSEMENTBP`),
  ADD KEY `FK_INSCRITDIP3` (`APOGEE`);

--
-- Index pour la table `inscrit_modul`
--
ALTER TABLE `inscrit_modul`
  ADD PRIMARY KEY (`ID_MODMAT`,`APOGEE`),
  ADD KEY `FK_INSCRIT_MODUL` (`APOGEE`);

--
-- Index pour la table `intervenir`
--
ALTER TABLE `intervenir`
  ADD PRIMARY KEY (`IDUTILISATEUR`,`ID_MODMAT`),
  ADD KEY `FK_INTERVENIR` (`ID_MODMAT`);

--
-- Index pour la table `langue`
--
ALTER TABLE `langue`
  ADD PRIMARY KEY (`ID_LANGUE`);

--
-- Index pour la table `local`
--
ALTER TABLE `local`
  ADD PRIMARY KEY (`ID_LOCAL`);

--
-- Index pour la table `module`
--
ALTER TABLE `module`
  ADD PRIMARY KEY (`ID_MODMAT`),
  ADD KEY `FK_RESPONSABLE` (`IDUTILISATEUR`);

--
-- Index pour la table `module_langue`
--
ALTER TABLE `module_langue`
  ADD PRIMARY KEY (`ID_MODMAT`,`ID_LANGUE`),
  ADD KEY `FK_MODULE_LANGUE` (`ID_LANGUE`);

--
-- Index pour la table `module_type_ens`
--
ALTER TABLE `module_type_ens`
  ADD PRIMARY KEY (`ID_MODMAT`,`ID_TYPES`),
  ADD KEY `FK_MODULE_TYPE_ENS` (`ID_TYPES`);

--
-- Index pour la table `mod_fil_sem`
--
ALTER TABLE `mod_fil_sem`
  ADD PRIMARY KEY (`ID_MODMAT`,`ID_FILIERE`,`ID_SEMESTRE`),
  ADD KEY `FK_ENSEIGNER` (`ID_SEMESTRE`),
  ADD KEY `FK_ENSEIGNER3` (`ID_FILIERE`);

--
-- Index pour la table `parcours_type_desciplin`
--
ALTER TABLE `parcours_type_desciplin`
  ADD PRIMARY KEY (`ID_MODMAT`,`ID_DETAIL`),
  ADD KEY `FK_PARCOURS_TYPE_DESCIPLIN` (`ID_DETAIL`);

--
-- Index pour la table `utilisateur`
--
ALTER TABLE `utilisateur`
  ADD PRIMARY KEY (`IDUTILISATEUR`),
  ADD UNIQUE KEY `EMAIL` (`EMAIL`),
  ADD KEY `FK_APPARTENIR` (`IDDEPT`),
  ADD KEY `FK_SPECIALITEPROF` (`IDSPEC`);

--
-- Index pour la table `proffess_typreside`
--
ALTER TABLE `proffess_typreside`
  ADD PRIMARY KEY (`APOGEE`,`ID_DETAIL`),
  ADD KEY `FK_PROFFESS_TYPRESIDE` (`ID_DETAIL`);

--
-- Index pour la table `reclamation`
--
ALTER TABLE `reclamation`
  ADD PRIMARY KEY (`ID_RECLAMATION`),
  ADD KEY `FK_RECLAMER` (`ID_MODMAT`),
  ADD KEY `APOGEE` (`APOGEE`);

--
-- Index pour la table `semestre`
--
ALTER TABLE `semestre`
  ADD PRIMARY KEY (`ID_SEMESTRE`);

--
-- Index pour la table `specialite`
--
ALTER TABLE `specialite`
  ADD PRIMARY KEY (`IDSPEC`);

--
-- Index pour la table `type_enseigner`
--
ALTER TABLE `type_enseigner`
  ADD PRIMARY KEY (`ID_TYPES`);

--
-- Index pour la table `universofpp`
--
ALTER TABLE `universofpp`
  ADD PRIMARY KEY (`IDETABLISSEMENTBP`,`ID_DETAIL`),
  ADD KEY `FK_UNIVERSOFPP` (`ID_DETAIL`);

--
-- Index pour la table `ville`
--
ALTER TABLE `ville`
  ADD PRIMARY KEY (`CODEPOSTAL`),
  ADD KEY `FK_POSITIONNER` (`ID_DETAIL`);

--
-- AUTO_INCREMENT pour les tables déchargées
--

--
-- AUTO_INCREMENT pour la table `annonce`
--
ALTER TABLE `annonce`
  MODIFY `IDANNONCE` int(11) NOT NULL AUTO_INCREMENT;

--
-- AUTO_INCREMENT pour la table `demande`
--
ALTER TABLE `demande`
  MODIFY `IDdemande` int(11) NOT NULL AUTO_INCREMENT, AUTO_INCREMENT=13;

--
-- AUTO_INCREMENT pour la table `grade`
--
ALTER TABLE `grade`
  MODIFY `IDGRADE` int(11) NOT NULL AUTO_INCREMENT;

--
-- AUTO_INCREMENT pour la table `utilisateur`
--
ALTER TABLE `utilisateur`
  MODIFY `IDUTILISATEUR` int(11) NOT NULL AUTO_INCREMENT, AUTO_INCREMENT=3;

--
-- AUTO_INCREMENT pour la table `reclamation`
--
ALTER TABLE `reclamation`
  MODIFY `ID_RECLAMATION` int(11) NOT NULL AUTO_INCREMENT;

--
-- AUTO_INCREMENT pour la table `specialite`
--
ALTER TABLE `specialite`
  MODIFY `IDSPEC` int(11) NOT NULL AUTO_INCREMENT, AUTO_INCREMENT=5;

--
-- Contraintes pour les tables déchargées
--

--
-- Contraintes pour la table `adresse`
--
ALTER TABLE `adresse`
  ADD CONSTRAINT `FK_SE_TROUVER` FOREIGN KEY (`CODEPOSTAL`) REFERENCES `ville` (`CODEPOSTAL`);

--
-- Contraintes pour la table `adresseetud`
--
ALTER TABLE `adresseetud`
  ADD CONSTRAINT `FK_ADRESSEETUD` FOREIGN KEY (`APOGEE`) REFERENCES `etudiant` (`APOGEE`),
  ADD CONSTRAINT `FK_ADRESSEETUD2` FOREIGN KEY (`IDADRE`) REFERENCES `adresse` (`IDADRE`);

--
-- Contraintes pour la table `annonce`
--
ALTER TABLE `annonce`
  ADD CONSTRAINT `FK_ANNONCER` FOREIGN KEY (`IDUTILISATEUR`) REFERENCES `utilisateur` (`IDUTILISATEUR`),
  ADD CONSTRAINT `FK_ANNONCER2` FOREIGN KEY (`ID_SEMESTRE`) REFERENCES `semestre` (`ID_SEMESTRE`),
  ADD CONSTRAINT `FK_ANNONCER3` FOREIGN KEY (`APOGEE`) REFERENCES `etudiant` (`APOGEE`),
  ADD CONSTRAINT `FK_ANNONCER4` FOREIGN KEY (`ID_MODMAT`) REFERENCES `module` (`ID_MODMAT`),

--
-- Contraintes pour la table `demande`
--
ALTER TABLE `demande`
  ADD CONSTRAINT `fk02` FOREIGN KEY (`IDetaildemande`) REFERENCES `detail_enum` (`id_detail`);

--
-- Contraintes pour la table `departement`
--
ALTER TABLE `departement`
  ADD CONSTRAINT `chedept` FOREIGN KEY (`ID_PROFCHEF`) REFERENCES `utilisateur` (`IDUTILISATEUR`);

--
-- Contraintes pour la table `detail_enum`
--
ALTER TABLE `detail_enum`
  ADD CONSTRAINT `FK_ASSOCIATION_9` FOREIGN KEY (`ID2`) REFERENCES `enum` (`ID2`);

--
-- Contraintes pour la table `diplome`
--
ALTER TABLE `diplome`
  ADD CONSTRAINT `FK_DIPLOMESPECIAL` FOREIGN KEY (`ID_DETAIL`) REFERENCES `detail_enum` (`id_detail`);

--
-- Contraintes pour la table `examen`
--
ALTER TABLE `examen`
  ADD CONSTRAINT `FK_EXAMINER` FOREIGN KEY (`ID_MODMAT`) REFERENCES `module` (`ID_MODMAT`),
  ADD CONSTRAINT `FK_EXAMINER2` FOREIGN KEY (`ID_LOCAL`) REFERENCES `local` (`ID_LOCAL`),
  ADD CONSTRAINT `FK_EXAMINER3` FOREIGN KEY (`APOGEE`) REFERENCES `etudiant` (`APOGEE`);

--
-- Contraintes pour la table `filiere`
--
ALTER TABLE `filiere`
  ADD CONSTRAINT `FK_FILIERE_DEPART` FOREIGN KEY (`IDDEPT`) REFERENCES `departement` (`IDDEPT`),
  ADD CONSTRAINT `cheffil` FOREIGN KEY (`ID_PROFCORD`) REFERENCES `utilisateur` (`IDUTILISATEUR`);

--
-- Contraintes pour la table `gradeprof`
--
ALTER TABLE `gradeprof`
  ADD CONSTRAINT `FK_GRADEPROF` FOREIGN KEY (`IDUTILISATEUR`) REFERENCES `utilisateur` (`IDUTILISATEUR`),
  ADD CONSTRAINT `FK_GRADEPROF2` FOREIGN KEY (`IDGRADE`) REFERENCES `grade` (`IDGRADE`);

--
-- Contraintes pour la table `handietud`
--
ALTER TABLE `handietud`
  ADD CONSTRAINT `FK_HANDIETUD` FOREIGN KEY (`APOGEE`) REFERENCES `etudiant` (`APOGEE`),
  ADD CONSTRAINT `FK_HANDIETUD2` FOREIGN KEY (`NUMEROHANDICAP`) REFERENCES `handicap` (`NUMEROHANDICAP`);

--
-- Contraintes pour la table `inscritbac`
--
ALTER TABLE `inscritbac`
  ADD CONSTRAINT `FK_INSCRITBAC` FOREIGN KEY (`ID_DETAIL`) REFERENCES `detail_enum` (`id_detail`),
  ADD CONSTRAINT `FK_INSCRITBAC2` FOREIGN KEY (`APOGEE`) REFERENCES `etudiant` (`APOGEE`),
  ADD CONSTRAINT `FK_INSCRITBAC3` FOREIGN KEY (`CODEBAC`) REFERENCES `bac` (`CODEBAC`),
  ADD CONSTRAINT `FK_INSCRITBAC4` FOREIGN KEY (`IDETABLISSMENTBAC`) REFERENCES `etablissementbac` (`IDETABLISSMENTBAC`),
  ADD CONSTRAINT `inscritbac_ibfk_1` FOREIGN KEY (`ID_DETAILPROV`) REFERENCES `detail_enum` (`id_detail`);

--
-- Contraintes pour la table `inscritdip`
--
ALTER TABLE `inscritdip`
  ADD CONSTRAINT `FK_INSCRITDIP` FOREIGN KEY (`IDETABLISSEMENTBP`) REFERENCES `etablissementbp` (`IDETABLISSEMENTBP`),
  ADD CONSTRAINT `FK_INSCRITDIP2` FOREIGN KEY (`CODEDIPLOME`) REFERENCES `diplome` (`CODEDIPLOME`),
  ADD CONSTRAINT `FK_INSCRITDIP3` FOREIGN KEY (`APOGEE`) REFERENCES `etudiant` (`APOGEE`);

--
-- Contraintes pour la table `inscrit_modul`
--
ALTER TABLE `inscrit_modul`
  ADD CONSTRAINT `FK_INSCRIT_MODUL` FOREIGN KEY (`APOGEE`) REFERENCES `etudiant` (`APOGEE`),
  ADD CONSTRAINT `FK_INSCRIT_MODUL2` FOREIGN KEY (`ID_MODMAT`) REFERENCES `module` (`ID_MODMAT`);

--
-- Contraintes pour la table `intervenir`
--
ALTER TABLE `intervenir`
  ADD CONSTRAINT `FK_INTERVENIR` FOREIGN KEY (`ID_MODMAT`) REFERENCES `module` (`ID_MODMAT`),
  ADD CONSTRAINT `FK_INTERVENIR2` FOREIGN KEY (`IDUTILISATEUR`) REFERENCES `utilisateur` (`IDUTILISATEUR`);

--
-- Contraintes pour la table `module`
--
ALTER TABLE `module`
  ADD CONSTRAINT `FK_RESPONSABLE` FOREIGN KEY (`IDUTILISATEUR`) REFERENCES `utilisateur` (`IDUTILISATEUR`);

--
-- Contraintes pour la table `module_langue`
--
ALTER TABLE `module_langue`
  ADD CONSTRAINT `FK_MODULE_LANGUE` FOREIGN KEY (`ID_LANGUE`) REFERENCES `langue` (`ID_LANGUE`),
  ADD CONSTRAINT `FK_MODULE_LANGUE2` FOREIGN KEY (`ID_MODMAT`) REFERENCES `module` (`ID_MODMAT`);

--
-- Contraintes pour la table `module_type_ens`
--
ALTER TABLE `module_type_ens`
  ADD CONSTRAINT `FK_MODULE_TYPE_ENS` FOREIGN KEY (`ID_TYPES`) REFERENCES `type_enseigner` (`ID_TYPES`),
  ADD CONSTRAINT `FK_MODULE_TYPE_ENS2` FOREIGN KEY (`ID_MODMAT`) REFERENCES `module` (`ID_MODMAT`);

--
-- Contraintes pour la table `mod_fil_sem`
--
ALTER TABLE `mod_fil_sem`
  ADD CONSTRAINT `FK_ENSEIGNER` FOREIGN KEY (`ID_SEMESTRE`) REFERENCES `semestre` (`ID_SEMESTRE`),
  ADD CONSTRAINT `FK_ENSEIGNER2` FOREIGN KEY (`ID_MODMAT`) REFERENCES `module` (`ID_MODMAT`),
  ADD CONSTRAINT `FK_ENSEIGNER3` FOREIGN KEY (`ID_FILIERE`) REFERENCES `filiere` (`ID_FILIERE`);

--
-- Contraintes pour la table `parcours_type_desciplin`
--
ALTER TABLE `parcours_type_desciplin`
  ADD CONSTRAINT `FK_PARCOURS_TYPE_DESCIPLIN` FOREIGN KEY (`ID_DETAIL`) REFERENCES `detail_enum` (`id_detail`),
  ADD CONSTRAINT `FK_PARCOURS_TYPE_DESCIPLIN2` FOREIGN KEY (`ID_MODMAT`) REFERENCES `module` (`ID_MODMAT`);

--
-- Contraintes pour la table `utilisateur`
--
ALTER TABLE `utilisateur`
  ADD CONSTRAINT `FK_APPARTENIR` FOREIGN KEY (`IDDEPT`) REFERENCES `departement` (`IDDEPT`),
  ADD CONSTRAINT `FK_SPECIALITEPROF` FOREIGN KEY (`IDSPEC`) REFERENCES `specialite` (`IDSPEC`);

--
-- Contraintes pour la table `proffess_typreside`
--
ALTER TABLE `proffess_typreside`
  ADD CONSTRAINT `FK_PROFFESS_TYPRESIDE` FOREIGN KEY (`ID_DETAIL`) REFERENCES `detail_enum` (`id_detail`),
  ADD CONSTRAINT `FK_PROFFESS_TYPRESIDE2` FOREIGN KEY (`APOGEE`) REFERENCES `etudiant` (`APOGEE`);

--
-- Contraintes pour la table `reclamation`
--
ALTER TABLE `reclamation`
  ADD CONSTRAINT `FK_RECLAMER` FOREIGN KEY (`ID_MODMAT`) REFERENCES `module` (`ID_MODMAT`),
  ADD CONSTRAINT `FK_RECLAMER2` FOREIGN KEY (`APOGEE`) REFERENCES `etudiant` (`APOGEE`);

--
-- Contraintes pour la table `universofpp`
--
ALTER TABLE `universofpp`
  ADD CONSTRAINT `FK_UNIVERSOFPP` FOREIGN KEY (`ID_DETAIL`) REFERENCES `detail_enum` (`id_detail`),
  ADD CONSTRAINT `FK_UNIVERSOFPP2` FOREIGN KEY (`IDETABLISSEMENTBP`) REFERENCES `etablissementbp` (`IDETABLISSEMENTBP`);

--
-- Contraintes pour la table `ville`
--
ALTER TABLE `ville`
  ADD CONSTRAINT `FK_POSITIONNER` FOREIGN KEY (`ID_DETAIL`) REFERENCES `detail_enum` (`id_detail`);
COMMIT;

/*!40101 SET CHARACTER_SET_CLIENT=@OLD_CHARACTER_SET_CLIENT */;
/*!40101 SET CHARACTER_SET_RESULTS=@OLD_CHARACTER_SET_RESULTS */;
/*!40101 SET COLLATION_CONNECTION=@OLD_COLLATION_CONNECTION */;
